original_split,source_filename,split,filename,boxes,pixel_sha256
train,0_jpeg_jpg.rf.ed4e8539e4af489696394d12a74c1957.jpg,train,train__0_jpeg_jpg.rf.ed4e8539e4af489696394d12a74c1957.jpg,8,a6ec8768b4da4c5b39b9f20b0f2029c05a11734d9fd7277e12608b17776198bd
train,100_jpeg_jpg.rf.3c57dcbe310772276679566f161e6f3e.jpg,train,train__100_jpeg_jpg.rf.3c57dcbe310772276679566f161e6f3e.jpg,3,466574c6d7a902b3dee330f5691181356471a3f5ae23d453dfd701321ed966d5
train,101_jpeg_jpg.rf.be97807bc48736efec747ca4150ef7a4.jpg,train,train__101_jpeg_jpg.rf.be97807bc48736efec747ca4150ef7a4.jpg,13,e698cb2e4ea87a24826f0da743dcfbb9f7d36f2f0810933615af67023f93902c
train,102_jpeg_jpg.rf.20bb5d40104b447f16426f990c1210de.jpg,train,train__102_jpeg_jpg.rf.20bb5d40104b447f16426f990c1210de.jpg,21,47569152a0097bb5b72c2c5ac4afb1d8000c0bf711b70e3b75f81a5a53625076
train,103_jpeg_jpg.rf.1978817f44ff10fd7b4388216decfffe.jpg,train,train__103_jpeg_jpg.rf.1978817f44ff10fd7b4388216decfffe.jpg,17,1509a3384c6a6e5b3bc5b48c3da791230ec2b7c9714e2eed11d4bc3f54ac202d
train,104_jpeg_jpg.rf.7e698a63f934edab0fc3fecda0634311.jpg,train,train__104_jpeg_jpg.rf.7e698a63f934edab0fc3fecda0634311.jpg,8,560f21e63508042b4601108a18f0b4bf5837546b820c1842e51f2bc0b4809b68
train,105_jpeg_jpg.rf.4bd7f20c7393f131d16f1a353144ec03.jpg,train,train__105_jpeg_jpg.rf.4bd7f20c7393f131d16f1a353144ec03.jpg,3,000d54072900c9f89fc3ca24ff3a9eb333e912067fa0a90ded17c599ea839194
train,106_jpeg_jpg.rf.6f4834000dc18d6bdadf85f89c0950d2.jpg,train,train__106_jpeg_jpg.rf.6f4834000dc18d6bdadf85f89c0950d2.jpg,2,c80a244de9be634ee774bc19d25a3bb1353ec6633bed2532fe01511ce2e723ee
train,107_jpeg_jpg.rf.b7fa1248ef059236fba4852ff228f9f9.jpg,train,train__107_jpeg_jpg.rf.b7fa1248ef059236fba4852ff228f9f9.jpg,4,9dfa402c4409d507526177ee405ac546b3143201f2837e023f8d43dd0c49d3a1
train,108_jpeg_jpg.rf.ae2244a2fbf7f0b485f83a163376fd93.jpg,train,train__108_jpeg_jpg.rf.ae2244a2fbf7f0b485f83a163376fd93.jpg,8,9cacc60167f2153e9e8b7b8f525bea103a757004fdac1428848b37b6aac09436
train,109_jpeg_jpg.rf.19ce6951e3ff1460b0847a8a00aabb73.jpg,train,train__109_jpeg_jpg.rf.19ce6951e3ff1460b0847a8a00aabb73.jpg,5,35f3b219f699db506e9bf5f0a0029255006c0ac81ad2983abd798fcae9c15a03
train,10_jpeg_jpg.rf.3b35c8d5c785a993c90601d78311f5ef.jpg,train,train__10_jpeg_jpg.rf.3b35c8d5c785a993c90601d78311f5ef.jpg,19,c1b14c66f7d435a7257f827d6b56544c9c629e9b2c55fa1cf50928801457d620
train,110_jpeg_jpg.rf.c78e1728c2af54fad926581db7c980df.jpg,train,train__110_jpeg_jpg.rf.c78e1728c2af54fad926581db7c980df.jpg,5,56877187f240b84b2fda7c2a800d7149df84921d04fe9ff22fa285df0353e6f1
train,111_jpeg_jpg.rf.33cb2d797ea3200ec93659b766b12e50.jpg,train,train__111_jpeg_jpg.rf.33cb2d797ea3200ec93659b766b12e50.jpg,8,d39f7fd6843ad5855d0d3d08859bd3a687765b3965e6aeac01bd208b6f58b992
train,112_jpeg_jpg.rf.a723e0334caa1c7b013144588dd6b583.jpg,train,train__112_jpeg_jpg.rf.a723e0334caa1c7b013144588dd6b583.jpg,11,870c91b209c5fd0d740f96be7fb662076c345ef752fd3b14e43d90b3824c2dbc
train,113_jpeg_jpg.rf.26af287a3bd8aa12419ec77d96c43ffd.jpg,train,train__113_jpeg_jpg.rf.26af287a3bd8aa12419ec77d96c43ffd.jpg,4,2cbe2c57e50bbb1233ad67089299d8af13c2942e8cd414245412f4d0a84b99b7
train,114_jpeg_jpg.rf.8f6c992bb256d700863a2c2fdfd6fcac.jpg,train,train__114_jpeg_jpg.rf.8f6c992bb256d700863a2c2fdfd6fcac.jpg,3,8178c56fd39119f80a710220cc7e02c343f3a9b2ff475c7af0abe3c2e3a20a34
train,115_jpeg_jpg.rf.24114bd2d49b4bc7025c0a715da2bf48.jpg,train,train__115_jpeg_jpg.rf.24114bd2d49b4bc7025c0a715da2bf48.jpg,3,d6f9b27e9691b30fc9bbb33e766f5f772acdb948456751a218e13bda69415c36
train,116_jpeg_jpg.rf.d318f07f79fef052dfa5159208cac6f0.jpg,train,train__116_jpeg_jpg.rf.d318f07f79fef052dfa5159208cac6f0.jpg,7,d7d26590922b49579ca823ad692e43819f9b6a99a2d3b16f409cd2b25418a293
train,117_jpeg_jpg.rf.d8c30b9702900a1a909bcb1d1b3aa2eb.jpg,train,train__117_jpeg_jpg.rf.d8c30b9702900a1a909bcb1d1b3aa2eb.jpg,3,e874a45b8b25830bbfbbcf5b087cade0c446c6b11e4dad108d484920aba6c926
train,118_jpeg_jpg.rf.64fd304778ba06a1e5b2f1cb19edbebd.jpg,train,train__118_jpeg_jpg.rf.64fd304778ba06a1e5b2f1cb19edbebd.jpg,3,f13a324649ceaf1008c563a80e8c23cb6d9bdefa95308ca15f82de05621f7a85
train,119_jpeg_jpg.rf.9fc40a9067175a5b07379de6c763e125.jpg,train,train__119_jpeg_jpg.rf.9fc40a9067175a5b07379de6c763e125.jpg,10,20e6b7c045419f8b52b9c034b99283d2c0fc65016c7a034969185c63ebf32db8
train,11_jpeg_jpg.rf.12d07a40930a01846549175bf647d2e4.jpg,train,train__11_jpeg_jpg.rf.12d07a40930a01846549175bf647d2e4.jpg,5,fb0197cc8550e4a44376b05d9f2fbc1968f4d68150ce5b4c5c6d79c0abe547f6
train,120_jpeg_jpg.rf.9c3ad36a1d8d3e7e0e5f45c91e11d6f6.jpg,train,train__120_jpeg_jpg.rf.9c3ad36a1d8d3e7e0e5f45c91e11d6f6.jpg,10,c3e134d3c1c1d7c6ace253f64e1a68e5df0aeed07f7029fbe6ead89c2a31914e
train,121_jpeg_jpg.rf.a354cb1c5c592ca18547857ba873d3a0.jpg,train,train__121_jpeg_jpg.rf.a354cb1c5c592ca18547857ba873d3a0.jpg,6,f39b410002e0a2d8cf6781625c2389b8eb1275d34b309680c0091e252e7ee837
train,122_jpeg_jpg.rf.fae52fe083564942c2862bc782482b51.jpg,train,train__122_jpeg_jpg.rf.fae52fe083564942c2862bc782482b51.jpg,11,76c78ea575ecaf192657d89771e31d739e1c91750ce93b1b4364035838db07cb
train,123_jpeg_jpg.rf.9f3d94728a304ba45d267db6fd1861ce.jpg,train,train__123_jpeg_jpg.rf.9f3d94728a304ba45d267db6fd1861ce.jpg,17,1c32ae2f33adcfd67095d475d9b9f6f9266417d7255bf45b5f983aa5056e3434
train,124_jpeg_jpg.rf.5fde8f5babf656a18685ec5bbd2e6473.jpg,train,train__124_jpeg_jpg.rf.5fde8f5babf656a18685ec5bbd2e6473.jpg,14,a52271c563d76fd928f39c7862653f87f28c330ab49d2bbad8dc46dab65b616c
train,125_jpeg_jpg.rf.f2e2243297f269244a8aac6d1f485e38.jpg,train,train__125_jpeg_jpg.rf.f2e2243297f269244a8aac6d1f485e38.jpg,14,6599c29d674f2c9f13c6e5dab366acd0c83ee583735e7ce318235b3a6cae902b
train,126_jpeg_jpg.rf.1cfe3920c7c57289cd6a3b84c9a3d027.jpg,train,train__126_jpeg_jpg.rf.1cfe3920c7c57289cd6a3b84c9a3d027.jpg,13,be948e043e657b24523cc19f2529c6aad4857d83d68b152c40c631043e0b25f4
train,127_jpeg_jpg.rf.a3939a5041548b338464bf53bf82fb27.jpg,train,train__127_jpeg_jpg.rf.a3939a5041548b338464bf53bf82fb27.jpg,11,d99e33a1856295e9bbdb096441fce77118bda61ed04295ca630d1bb4ffc48d8f
train,128_jpeg_jpg.rf.76bf2a98d1ee8da35471c3616bcd3d6a.jpg,train,train__128_jpeg_jpg.rf.76bf2a98d1ee8da35471c3616bcd3d6a.jpg,4,a63e96c3b5dece4912893cb949b1ef47d3b1d1a09eb8aa17182b8949510f98a5
train,129_jpeg_jpg.rf.7ca2ae28d6c1284e72cf1d829820e18f.jpg,train,train__129_jpeg_jpg.rf.7ca2ae28d6c1284e72cf1d829820e18f.jpg,16,84c121f412b14f9c57d2b93d1d19f6e73e82c6823f0cfc7b204b8c56690cf664
train,12_jpeg_jpg.rf.d4778c433ed525077c0f4470676ae5d4.jpg,train,train__12_jpeg_jpg.rf.d4778c433ed525077c0f4470676ae5d4.jpg,26,c3689161f83de44ae5797aa2ff4be933c1b4bf26afe1a3ad588fc802b79da73c
train,130_jpeg_jpg.rf.bde10c74f827b1f044c9668904c35fdc.jpg,train,train__130_jpeg_jpg.rf.bde10c74f827b1f044c9668904c35fdc.jpg,14,a84ea6de1e6024015b2b24fb15d5d5d089e625090fb215314aeaea689967a42a
train,131_jpeg_jpg.rf.e977dfc6e0a280f930503d5235cb52f7.jpg,train,train__131_jpeg_jpg.rf.e977dfc6e0a280f930503d5235cb52f7.jpg,9,dd3b94a867b3a9e9c0a55b473df7c0ace14d9c005ae92015fb6f11796641f5e9
train,132_jpeg_jpg.rf.4514f5e5e4ee0ec443879861df43ba32.jpg,train,train__132_jpeg_jpg.rf.4514f5e5e4ee0ec443879861df43ba32.jpg,23,9df8693e9ea68802dd10bc48fee258f439632b1f3f42263de1baeaac3597b27a
train,133_jpeg_jpg.rf.5d95b1ec3bf488d49533010ebc6e7833.jpg,train,train__133_jpeg_jpg.rf.5d95b1ec3bf488d49533010ebc6e7833.jpg,5,a9365954b5fd7eed74df9cb2882205cb163f1e0313dc908f0dc2ffa704024234
train,134_jpeg_jpg.rf.85509090c744c86715ab48266424db6e.jpg,train,train__134_jpeg_jpg.rf.85509090c744c86715ab48266424db6e.jpg,6,bdecab86aeb076be66fe673893dcd974fd3e11d4a6fa52fb265923039210ec68
train,135_jpeg_jpg.rf.62b091554464829052a224b0e05c3274.jpg,train,train__135_jpeg_jpg.rf.62b091554464829052a224b0e05c3274.jpg,4,eec3dcad70cfa3615f226b7548d9c7ab249f3ee4bef7d8cd2fc21973d90253ee
train,136_jpeg_jpg.rf.4a9dab23d0c57da6207620bcba612d60.jpg,train,train__136_jpeg_jpg.rf.4a9dab23d0c57da6207620bcba612d60.jpg,11,633304a53858c62baf7a594478fdcd473cb8b08299da932d50e317d020d2b239
train,137_jpeg_jpg.rf.37b904786fc21b18163e485a989f5667.jpg,train,train__137_jpeg_jpg.rf.37b904786fc21b18163e485a989f5667.jpg,5,b82760895906596c0970132f85a45c99a8fcca061652d0f373c669ed65ed82db
train,138_jpeg_jpg.rf.56e17ad8aeae9afcd6b8ae183d28b061.jpg,train,train__138_jpeg_jpg.rf.56e17ad8aeae9afcd6b8ae183d28b061.jpg,12,dc725c7991aeea73296d67b5002775297998c4856e4ac886c1c698be59ff58f9
train,139_jpeg_jpg.rf.8f26a1517e989658548e8fa3c3ba0ac6.jpg,train,train__139_jpeg_jpg.rf.8f26a1517e989658548e8fa3c3ba0ac6.jpg,22,940ae61ba06f0302d8d63d9f6677760db73d23962b0797c11588296c90c00d1f
train,13_jpeg_jpg.rf.83e25aa4af37f3105348f7561db455d5.jpg,train,train__13_jpeg_jpg.rf.83e25aa4af37f3105348f7561db455d5.jpg,8,95adc7c7a72a4cc217f80a646687a74ccbb2956e6051c98d685ae6db5bbe6748
train,140_jpeg_jpg.rf.62505a3042d79cad8ec1c9e30d72167b.jpg,train,train__140_jpeg_jpg.rf.62505a3042d79cad8ec1c9e30d72167b.jpg,21,196f403750889e4b537238e99920467cab4a7fe09017a5caa31a8a4d8723a8a3
train,141_jpeg_jpg.rf.d602ad15b5e20339fbab23ceb3d3cfc5.jpg,train,train__141_jpeg_jpg.rf.d602ad15b5e20339fbab23ceb3d3cfc5.jpg,30,7e27a02e9a3e210b331f3a1e6c52eb3742f4b14a1f96b9458a7bfb6a28677901
train,142_jpeg_jpg.rf.01aba40baf491cf781d8f0674a035f96.jpg,train,train__142_jpeg_jpg.rf.01aba40baf491cf781d8f0674a035f96.jpg,22,5a31e159ac8e45aa4183c5864b220c322ef379de13632e11e5dd4d80944e44e8
train,143_jpeg_jpg.rf.c96a7163156cfc71b3baae8a73e08514.jpg,train,train__143_jpeg_jpg.rf.c96a7163156cfc71b3baae8a73e08514.jpg,18,2e75d196d491d27f7ac0e60cd9381443bb3f895c62a41776065528e84ea77d2d
train,144_jpeg_jpg.rf.ec2081842a208a9ebdc0655c672beae4.jpg,train,train__144_jpeg_jpg.rf.ec2081842a208a9ebdc0655c672beae4.jpg,28,336ac9a1678f8e89d518fb5b8f67cfc9edbb1a580857d0f2ab23aa81556a00d2
train,145_jpeg_jpg.rf.58ad4e6cfdeec8fbf358b998d48692dd.jpg,train,train__145_jpeg_jpg.rf.58ad4e6cfdeec8fbf358b998d48692dd.jpg,2,6ded4b329b842bc33a23df17ff4ce7d5affddee2f8c7b2fa07aeec9a02e75ba5
train,146_jpeg_jpg.rf.b4236dcdba292a4d0fd1f6868fade690.jpg,train,train__146_jpeg_jpg.rf.b4236dcdba292a4d0fd1f6868fade690.jpg,2,33732647a6ab478ab83efd44b827f3fd437c13fad51580ee9943ca49157271db
train,147_jpeg_jpg.rf.87dd8b890180373a730cd43265c22918.jpg,train,train__147_jpeg_jpg.rf.87dd8b890180373a730cd43265c22918.jpg,2,b4ed4f3f88e28668c88454cff1150ab45edb3e7ab04d7ae9c39278e02255bd88
train,148_jpeg_jpg.rf.5bc072ae4d1ce857db1d74f66df87ec3.jpg,train,train__148_jpeg_jpg.rf.5bc072ae4d1ce857db1d74f66df87ec3.jpg,4,dadfbcf3fa678a1f6725cef56f2d24bd68e0cd7aeca0c16d492ff91038cbb7a1
train,149_jpeg_jpg.rf.815f13dfe1093590422e81df0921be89.jpg,train,train__149_jpeg_jpg.rf.815f13dfe1093590422e81df0921be89.jpg,8,a9b6d6a290c4be9678d6179e43c53c1a2e200ab22519ed7fd43e4f7c7e82a106
train,14_jpeg_jpg.rf.11fe1ba2606acc122f1d223e34ea99ed.jpg,train,train__14_jpeg_jpg.rf.11fe1ba2606acc122f1d223e34ea99ed.jpg,6,f7f97e843763e2e331bf1cfb69fbeb67c6693fbde38e1cda63c95d6b17ee34e3
train,150_jpeg_jpg.rf.fdbab5b3d94c13f065f933c30fc49672.jpg,train,train__150_jpeg_jpg.rf.fdbab5b3d94c13f065f933c30fc49672.jpg,6,bf41e617e95533ddbe79cbdf46c32c8d99e2ee0b9e85c4f7ee9d7665c07a51eb
train,151_jpeg_jpg.rf.81c6db0aaf25131278de601c1b1ea2f7.jpg,train,train__151_jpeg_jpg.rf.81c6db0aaf25131278de601c1b1ea2f7.jpg,10,c5719ae36bfd700323d2f5e5ce0f474ace9c2491db812fd3d5f90916daef8013
train,152_jpeg_jpg.rf.ffdb257d961c5e37681ebfc8b0a99d03.jpg,train,train__152_jpeg_jpg.rf.ffdb257d961c5e37681ebfc8b0a99d03.jpg,10,d49dc9811db294a273d09ec3e087b37d8aba80e16a1fe5d7ea7e95e7657dc3a8
train,153_jpeg_jpg.rf.543d4e3752b2c2f546f34870ea689fe2.jpg,train,train__153_jpeg_jpg.rf.543d4e3752b2c2f546f34870ea689fe2.jpg,27,bcb663b7bb8925421ed5a219b7e781abede22d54c3439741a7eafa8117084c62
train,154_jpeg_jpg.rf.d4b7ada9372441b6e2ba24c6de14f462.jpg,train,train__154_jpeg_jpg.rf.d4b7ada9372441b6e2ba24c6de14f462.jpg,22,ac07888fbc18d85b004226401724398b3e581ce289f94f6a605b53adbab87271
train,155_jpeg_jpg.rf.bd904e351cc3de9ff57ee6f5970abc4c.jpg,train,train__155_jpeg_jpg.rf.bd904e351cc3de9ff57ee6f5970abc4c.jpg,24,d5fa172d11fef63e5eb3f272f481fa4616c4e370f938914b6829fe9ec44cb343
train,156_jpeg_jpg.rf.d821402a31dd2e0afebb7025cdbd6d0a.jpg,train,train__156_jpeg_jpg.rf.d821402a31dd2e0afebb7025cdbd6d0a.jpg,9,7f947c6c0d1a56444380cdb7a19d19a2b41f6de04095f93cd5445dff9d294721
train,157_jpeg_jpg.rf.1d9fa051876533a8da84efa01850e422.jpg,train,train__157_jpeg_jpg.rf.1d9fa051876533a8da84efa01850e422.jpg,37,1c967dbc536090467db47eb5d04b0d255a33b27247d2db5f7fecc324513663a7
train,158_jpeg_jpg.rf.3db6ab677f80381ca012b3e8f8628424.jpg,train,train__158_jpeg_jpg.rf.3db6ab677f80381ca012b3e8f8628424.jpg,8,4fe69285910765945a92b38e5f995472ccff2f11c82dc78a7e5616294450dc12
train,159_jpeg_jpg.rf.2edad0f61365578ed5b5ce80a8e3fd87.jpg,train,train__159_jpeg_jpg.rf.2edad0f61365578ed5b5ce80a8e3fd87.jpg,7,88205b01bec198d4798f7a0a9c17aed786c1d5e02ea7c597df17074a1b5777d6
train,15_jpeg_jpg.rf.c09e0048e51672023de7d3b4ca6132b5.jpg,train,train__15_jpeg_jpg.rf.c09e0048e51672023de7d3b4ca6132b5.jpg,5,62db1bca6b93e8fde1a2a5603861ce625ef28c273fba1631ca774d358fcabe37
train,160_jpeg_jpg.rf.e1b1382327f749d19d0f24e2d31f902a.jpg,train,train__160_jpeg_jpg.rf.e1b1382327f749d19d0f24e2d31f902a.jpg,9,e91ff2d1baa56cbd87b8d130a4733e67d7ef364f8365cd3dd13f84a7f7f81b4b
train,161_jpeg_jpg.rf.066ae54064a2fca69bd6944ed731b4e0.jpg,train,train__161_jpeg_jpg.rf.066ae54064a2fca69bd6944ed731b4e0.jpg,1,215958f4fb6411217cb18cf7ac172f5e17bec758117ce62223acd1e7538caf26
train,162_jpeg_jpg.rf.afa13b89f4decc4ff2dae4db088efcd3.jpg,train,train__162_jpeg_jpg.rf.afa13b89f4decc4ff2dae4db088efcd3.jpg,9,77dfcbeee671d728c98498791cc19e22498352f33bf35e3c74c570150e36a431
train,163_jpeg_jpg.rf.bb4427a71dbf36d4970aefecf6c8d966.jpg,train,train__163_jpeg_jpg.rf.bb4427a71dbf36d4970aefecf6c8d966.jpg,4,5813a0a6c6d62e1cbd0613aa45d713d5c6dbe693e056763f3ca7a8096de97ecf
train,164_jpeg_jpg.rf.e5780443c2c36c1b86e77ddf695bf477.jpg,train,train__164_jpeg_jpg.rf.e5780443c2c36c1b86e77ddf695bf477.jpg,1,aa6863f1b99c7c62ab53fce3b33b59d2eb69f293d2cc2df522728d68a9428b25
train,165_jpeg_jpg.rf.81d2112ace1e139da5f994bbdfca5673.jpg,train,train__165_jpeg_jpg.rf.81d2112ace1e139da5f994bbdfca5673.jpg,1,4ae7a850f520877373d6480599edb9a2c6faeffa543488083efd3fbb342545cf
train,166_jpeg_jpg.rf.6d2760d08c6706bc172cc50c5252c26b.jpg,train,train__166_jpeg_jpg.rf.6d2760d08c6706bc172cc50c5252c26b.jpg,5,c35e5db1529d20a083e45661e051706fbf0d03c14c3c67e73afe5e47da023bc9
train,167_jpeg_jpg.rf.f97b1bc39796d88e55a8264727dc404c.jpg,train,train__167_jpeg_jpg.rf.f97b1bc39796d88e55a8264727dc404c.jpg,5,79c19a60581f54dac9e801f2600ef22df66b7c86fc9aaaf44112de8022fe79da
train,168_jpeg_jpg.rf.374fc49e79e14132666d3241432aab04.jpg,train,train__168_jpeg_jpg.rf.374fc49e79e14132666d3241432aab04.jpg,9,188855c764c440101677b37548335f3ba4d046c7cbd1e8040f3d78d06134445c
train,169_jpeg_jpg.rf.003ee6b9c63f70c220a1332395136353.jpg,train,train__169_jpeg_jpg.rf.003ee6b9c63f70c220a1332395136353.jpg,3,0814d0a2de66c40788092d15970aa6de008a9dd5b5b9b4770ece0e75d1498ef3
train,16_jpeg_jpg.rf.ea031b63a3db3df2b80ce88e121a1241.jpg,train,train__16_jpeg_jpg.rf.ea031b63a3db3df2b80ce88e121a1241.jpg,16,decb33f97447f46cb5c366581c61cf447be722f55c849c13011a305d2cc0e985
train,170_jpeg_jpg.rf.75150d9d24d6a197ad6f18317e7f7486.jpg,train,train__170_jpeg_jpg.rf.75150d9d24d6a197ad6f18317e7f7486.jpg,2,15dbad4d86c6ad2344db2b02b9ad428e77132ed53ad5831cc90481ca4729ea20
train,171_jpeg_jpg.rf.e2c74e38cb9d9bd14faec6263468baaa.jpg,train,train__171_jpeg_jpg.rf.e2c74e38cb9d9bd14faec6263468baaa.jpg,3,574ab7c3715283ed740ac1230927c64dd3b4f7525502955956cc41f34394461d
train,172_jpeg_jpg.rf.ff6057f795e6c4c8d8eb365bd5ab1e88.jpg,train,train__172_jpeg_jpg.rf.ff6057f795e6c4c8d8eb365bd5ab1e88.jpg,7,e74b4c3d471979a93c096887968076ab667fb34ab29470c46f161f538cfc43d5
train,173_jpeg_jpg.rf.2aea3e1060164a218c6036eb6c29dffe.jpg,train,train__173_jpeg_jpg.rf.2aea3e1060164a218c6036eb6c29dffe.jpg,14,f744f38a3ca07931f1e93d9be4e777f159e540d3263ded924befed2737c319ca
train,174_jpeg_jpg.rf.e127ffb402952e3448f1f9b5850d976e.jpg,train,train__174_jpeg_jpg.rf.e127ffb402952e3448f1f9b5850d976e.jpg,22,855d7f4b443927a174a478363013034991e8cd512101821109391e1a082d7fe4
train,175_jpeg_jpg.rf.6984edfd1e9e0f1cdc872a2517f299b3.jpg,train,train__175_jpeg_jpg.rf.6984edfd1e9e0f1cdc872a2517f299b3.jpg,4,93343f4a6979d4ffc619c7bba87522750a9b9ac1dd7fe87428121b7f3482fb2a
train,176_jpeg_jpg.rf.f21dbdcb8f044e1ae18f3b60dbc64fb2.jpg,train,train__176_jpeg_jpg.rf.f21dbdcb8f044e1ae18f3b60dbc64fb2.jpg,4,e4494208abed6ff600ef57bb1ec6f462b3ff142ff3dcc32b7819c64f8845e804
train,177_jpeg_jpg.rf.0f1434cdb4b9fcd24e2e8be4c541b589.jpg,train,train__177_jpeg_jpg.rf.0f1434cdb4b9fcd24e2e8be4c541b589.jpg,6,5cbf406aae1f20ffc62983c2d740d778be04d2bdf96048e7959564f36c76f95f
train,178_jpeg_jpg.rf.fe2036f62fbe97145cf88abf54797896.jpg,train,train__178_jpeg_jpg.rf.fe2036f62fbe97145cf88abf54797896.jpg,28,5d18cd8554fc257b2532c6765e02dea2ed5f2deebbfe1e72f562407f8ce9c71d
train,179_jpeg_jpg.rf.5890f91519c8565c0236f3654785f82c.jpg,train,train__179_jpeg_jpg.rf.5890f91519c8565c0236f3654785f82c.jpg,13,11790fbfcf052fb2579fa88ab380e321c73c1659bedddbbb588dd70d39e3b64a
train,17_jpeg_jpg.rf.65c3a0fc82eacf96f868d81db93d744b.jpg,train,train__17_jpeg_jpg.rf.65c3a0fc82eacf96f868d81db93d744b.jpg,3,85c2b8adc0d6a19016268b7f4583d6eece24a214bf9e5245f4f291eda53bd867
train,180_jpeg_jpg.rf.3c58c204bfc7e455363ce91bea82d859.jpg,train,train__180_jpeg_jpg.rf.3c58c204bfc7e455363ce91bea82d859.jpg,12,80ab5106b8db6902d1ad23b19a82680bbcd5b940c0827cb80c75c5780fd34e83
train,181_jpeg_jpg.rf.fed509bcec6af69a3bd4735e8b4aa3d0.jpg,train,train__181_jpeg_jpg.rf.fed509bcec6af69a3bd4735e8b4aa3d0.jpg,22,d28a3dbbddd80fe6ccd745edb51bf1d38492c40ab9741cee96c90b9ecc4e7646
train,182_jpeg_jpg.rf.9ecb1171e7eb8802083a1837a1d8ab53.jpg,train,train__182_jpeg_jpg.rf.9ecb1171e7eb8802083a1837a1d8ab53.jpg,14,6b1f03abe91d5b68e501d8cb39fe062027785896d1e18fe0515649bd9ca51986
train,183_jpeg_jpg.rf.671aa13f0c1f97fe8660949069359f1f.jpg,train,train__183_jpeg_jpg.rf.671aa13f0c1f97fe8660949069359f1f.jpg,11,8f7badbfe79cb040fd4a54a414ad223e422db859f9c71132f6b0945c9b3bfefd
train,184_jpeg_jpg.rf.7884823d07c3d1237a8106c57d4d59fa.jpg,train,train__184_jpeg_jpg.rf.7884823d07c3d1237a8106c57d4d59fa.jpg,6,613c3298e452a412076a566d7f535ed364cf3670e483e491043b9603adc552f6
train,185_jpeg_jpg.rf.e790a2e7c343aeeaa49779d6c131bc53.jpg,train,train__185_jpeg_jpg.rf.e790a2e7c343aeeaa49779d6c131bc53.jpg,15,cee80af32bc695742cd1c1ced20860ef0db1cfd2676caf80cb64221e731fff86
train,186_jpeg_jpg.rf.e52c25df758d6543ab96f330eded8cb1.jpg,train,train__186_jpeg_jpg.rf.e52c25df758d6543ab96f330eded8cb1.jpg,5,1a9c8c750134ca8381658f6deb454669a633ce39a07feb5bd623282ece1eaa9c
train,187_jpeg_jpg.rf.e72eb42d6a204b4575b94afb213d2629.jpg,train,train__187_jpeg_jpg.rf.e72eb42d6a204b4575b94afb213d2629.jpg,21,d63382bc680c468ea1f6e02904a36f5d9089391d5ea6f11f9574f2e7c05d7bd8
train,188_jpeg_jpg.rf.077353f39a2bb56a931565b65dc734fc.jpg,train,train__188_jpeg_jpg.rf.077353f39a2bb56a931565b65dc734fc.jpg,18,0306521b72bc83bd3b3ff18465831f9aaac9e7769ab28c29512f5695a4ad542a
train,189_jpeg_jpg.rf.8ed07c0bb70d0d59174cf258186b5bf5.jpg,train,train__189_jpeg_jpg.rf.8ed07c0bb70d0d59174cf258186b5bf5.jpg,10,6dfbcafba08b0e120b40487914dc72ac8f641ee98890e092c7f613184cfe241e
train,18_jpeg_jpg.rf.db4dc9387d3529c1d84fa75d0453f272.jpg,train,train__18_jpeg_jpg.rf.db4dc9387d3529c1d84fa75d0453f272.jpg,5,366b873640d76ad7f1aae4cf1488637da780657b220b2090d948c224c1b0450e
train,190_jpeg_jpg.rf.cd96465ab7f109eb42ba31ffddc3f529.jpg,train,train__190_jpeg_jpg.rf.cd96465ab7f109eb42ba31ffddc3f529.jpg,3,d32cfd1d5ae05ea28c0ef6ec527e0e8f9c12469121b242ab8bd6c34bb64f5c8f
train,191_jpeg_jpg.rf.3adeacba10aefb642b225cda5b543e81.jpg,train,train__191_jpeg_jpg.rf.3adeacba10aefb642b225cda5b543e81.jpg,6,b96f16d21c68a00ca7339a8e36241c0e45bdf6b769592f1c1729fc1581784466
train,192_jpeg_jpg.rf.2fc0f9805765cb1f8071e849d3a8ce6d.jpg,train,train__192_jpeg_jpg.rf.2fc0f9805765cb1f8071e849d3a8ce6d.jpg,2,3cd6a3c06d733bb7c3de73a04651e2ca551aa84f65a781f39bb47af0c3e14ad8
train,193_jpeg_jpg.rf.3a26b8af7c54ca070aa5ce265390ed71.jpg,train,train__193_jpeg_jpg.rf.3a26b8af7c54ca070aa5ce265390ed71.jpg,13,19df741cd2c3770ffe3cc99a5c657478e1e9b3a087877e00e1b1420c0b8f6083
train,194_jpeg_jpg.rf.f52707dc28478386f0422028a15f2e65.jpg,train,train__194_jpeg_jpg.rf.f52707dc28478386f0422028a15f2e65.jpg,7,8e1d8c6a67a21fe6c959bcc8004c7b847e4b5b0c53340b7656bb298a2ca36711
train,195_jpeg_jpg.rf.1b4c793c488f03b32c8039371460e058.jpg,train,train__195_jpeg_jpg.rf.1b4c793c488f03b32c8039371460e058.jpg,12,63927b350c0b5674642c3cd39e837ba18db4aed894ddeea7e0583d8c8375ad3d
train,196_jpeg_jpg.rf.207510845f3475ed4ea859884c98dacc.jpg,train,train__196_jpeg_jpg.rf.207510845f3475ed4ea859884c98dacc.jpg,8,d26ea5d8e633de47cef2e5e7fe619a6c98b7f0476ac4d3f0295d70c4df89522a
train,197_jpeg_jpg.rf.b44c50b11ac75824aad3329cc1d5c063.jpg,train,train__197_jpeg_jpg.rf.b44c50b11ac75824aad3329cc1d5c063.jpg,21,b25800ccc333f17c286b29aa0ff2622d226b995c3f9dafb40224956f95d2f5c1
train,198_jpeg_jpg.rf.f95c133c986f1b7f4fe546a1931d0c20.jpg,train,train__198_jpeg_jpg.rf.f95c133c986f1b7f4fe546a1931d0c20.jpg,21,bd5aa2b97720bde1078e0a93d60b3a1fa426877771fabfd0c742554ca60276a0
train,199_jpeg_jpg.rf.4a992e713839e68a0f7dc7b5a9ac9aaa.jpg,train,train__199_jpeg_jpg.rf.4a992e713839e68a0f7dc7b5a9ac9aaa.jpg,14,0740d42cd870aeb623700d61345b895bc48d860b85773b3b395711943df08c7a
train,19_jpeg_jpg.rf.e34f97275f87f222dbe413451657f65e.jpg,train,train__19_jpeg_jpg.rf.e34f97275f87f222dbe413451657f65e.jpg,2,a550732e1ac94b83ef9701fa0ae4eb94006adf2020b0e16125a49b66338c0dda
train,1_jpeg_jpg.rf.91feb6aa161a3c422480cfddcd93737b.jpg,train,train__1_jpeg_jpg.rf.91feb6aa161a3c422480cfddcd93737b.jpg,6,1b5aebcce255f32c2323d5e94d8977be5c902bcda407af9d71c806e7ccc7b53d
train,200_jpeg_jpg.rf.e82f6c6618a50fac8d054374f694f850.jpg,train,train__200_jpeg_jpg.rf.e82f6c6618a50fac8d054374f694f850.jpg,11,45c45a8d6ad03816918c33d252f77bf246b66426303e6867e930fddcb68932c2
train,201_jpeg_jpg.rf.925a0122db7582f8126d222459adccf0.jpg,train,train__201_jpeg_jpg.rf.925a0122db7582f8126d222459adccf0.jpg,7,7842a0ce9179cdaebdbc0716806934fff53b29114846096ca799635ee7b76d16
train,202_jpeg_jpg.rf.6994fa202911985703a67e81cfcca69e.jpg,train,train__202_jpeg_jpg.rf.6994fa202911985703a67e81cfcca69e.jpg,9,09343d5db19ee7bedb2c70c361909760ef15053dab2bd19945b308a036f8f31a
train,203_jpeg_jpg.rf.f3975a34541b5a1a7eed5f5fa54c552f.jpg,train,train__203_jpeg_jpg.rf.f3975a34541b5a1a7eed5f5fa54c552f.jpg,10,317febfa4ceff409b1965ae472023ff6d2e4ca391a87d8fb58be35cbd93fce6f
train,204_jpeg_jpg.rf.96d38ebbfd2cfb83522224a8891cfd4a.jpg,train,train__204_jpeg_jpg.rf.96d38ebbfd2cfb83522224a8891cfd4a.jpg,10,24b2e4bc0485a553f98c7a6116de2b8e99d30c68023a10fdd28677a34873896f
train,205_jpeg_jpg.rf.dab29643095386409a594e9ad486e0fb.jpg,train,train__205_jpeg_jpg.rf.dab29643095386409a594e9ad486e0fb.jpg,11,7adbc4d1b525d27c306b9ee15b9b616c70c914059a258cb3166a0ca039598625
train,206_jpeg_jpg.rf.de586bdb61369d1369e951c275979bce.jpg,train,train__206_jpeg_jpg.rf.de586bdb61369d1369e951c275979bce.jpg,11,e6be1372516216e458170f4b89750ff0c53817cce9fdecf84470efff092a8e4a
train,207_jpeg_jpg.rf.e50a60f7be1095466479bf38f034a496.jpg,train,train__207_jpeg_jpg.rf.e50a60f7be1095466479bf38f034a496.jpg,13,86872461230cd77747abf9a9929f5027d370e1504f66f1b18991ab5b4cb92b28
train,208_jpeg_jpg.rf.742c13182a283e2aa566c7ed16fb3dcd.jpg,train,train__208_jpeg_jpg.rf.742c13182a283e2aa566c7ed16fb3dcd.jpg,3,c98ff6aad3d114fa3dd489fdb10f2339599c0e35fa50b67a0691af6820580dc3
train,209_jpeg_jpg.rf.c631c7897dcd68f2d4f12e8f7bba2771.jpg,train,train__209_jpeg_jpg.rf.c631c7897dcd68f2d4f12e8f7bba2771.jpg,4,9fa60ba9adebbea44bff2fd5922d1df4872ee178f7ea386a3cc2ce216bf963cb
train,20_jpeg_jpg.rf.bcf1855f1d6a132c1fd3fc3bcca3a09b.jpg,train,train__20_jpeg_jpg.rf.bcf1855f1d6a132c1fd3fc3bcca3a09b.jpg,4,5cb2b5c4641550ecd756f2553347915e0b9ed782138084a154b371cceac2e9dc
train,210_jpeg_jpg.rf.44fc49e3136b861c34059e5bb39260b3.jpg,train,train__210_jpeg_jpg.rf.44fc49e3136b861c34059e5bb39260b3.jpg,6,5114d33a64f63d358f545e13a614357f64c31217fb728bf96ccd1ae088064fca
train,211_jpeg_jpg.rf.70390ebf4866bc200efee0e01439a8bc.jpg,train,train__211_jpeg_jpg.rf.70390ebf4866bc200efee0e01439a8bc.jpg,3,9725c62a9ec4a6d474a88f0b63f49b6284c96e0b7d8c0582c5ebd99245538a19
train,212_jpeg_jpg.rf.c8d2b3465de95d8edc7c61f7acd4f456.jpg,train,train__212_jpeg_jpg.rf.c8d2b3465de95d8edc7c61f7acd4f456.jpg,7,e0f6a4dc61a86cf3630d539c6632ef0ebbe4e6f9e805ddd79e2c89ebd95a9b7a
train,213_jpeg_jpg.rf.b4bbebf00c7d22d4700e02dc500c2359.jpg,train,train__213_jpeg_jpg.rf.b4bbebf00c7d22d4700e02dc500c2359.jpg,5,ffcfd93130d02fa3bfa9b9ba8dbc9d19237be46be51a2d8981ca79413405704c
train,214_jpeg_jpg.rf.295229bb3f3ebd043aef536b08f3f339.jpg,train,train__214_jpeg_jpg.rf.295229bb3f3ebd043aef536b08f3f339.jpg,18,e15aa722609fa0bccbf0aa407b9cc93fab6149402a1bbb26cfa2d6ae8412fd67
train,215_jpeg_jpg.rf.473f9df57cf24cfa834ca73916dcb46e.jpg,train,train__215_jpeg_jpg.rf.473f9df57cf24cfa834ca73916dcb46e.jpg,17,e3f2b46785ce9df2ec457256f3ab8c4b3f05d108153c6971840aaf3d46fd671a
train,216_jpeg_jpg.rf.4fdc8108dd75ecce4c4c0a685e05a744.jpg,train,train__216_jpeg_jpg.rf.4fdc8108dd75ecce4c4c0a685e05a744.jpg,7,e34e776f52c7f160e531e03e40fcfe9a3166b4d0be50bcd80f4cae1f7a5c9f25
train,217_jpeg_jpg.rf.b2b621592f578887fb0f2c1720e56e85.jpg,train,train__217_jpeg_jpg.rf.b2b621592f578887fb0f2c1720e56e85.jpg,8,aabaf6ec6a214ee288acb6b32560e2d87ba40c8360f7daee9626f8598dd5ef24
train,218_jpeg_jpg.rf.14913ae2726df2113ff640957976c724.jpg,train,train__218_jpeg_jpg.rf.14913ae2726df2113ff640957976c724.jpg,7,473a75923768d602aed30f78afae61f8471ddce245d521f765155a0c1ab1f8e3
train,219_jpeg_jpg.rf.27186e7d9b013702e9246ceca4c9d914.jpg,train,train__219_jpeg_jpg.rf.27186e7d9b013702e9246ceca4c9d914.jpg,5,66a498deb88a020988d5b1a402c232602f22b84983b7b96b267b83bd694f15d5
train,21_jpeg_jpg.rf.8b4605634c3dba0fa2a475af580dbf0c.jpg,train,train__21_jpeg_jpg.rf.8b4605634c3dba0fa2a475af580dbf0c.jpg,5,0ba9208560d8cd8abbe70e6cfa62393b449afe04c0e0d783d89d24cb5947ead6
train,220_jpeg_jpg.rf.d06c4e8a64cd27072a43a2d77a2d80b4.jpg,train,train__220_jpeg_jpg.rf.d06c4e8a64cd27072a43a2d77a2d80b4.jpg,9,aaad1aa9e1c53eed0d5bcec7d61a4a0ec49555bd8c91fcd30810bef61b44d41c
train,221_jpeg_jpg.rf.ddd425cac38eebe1cc9aca1c8fe2139a.jpg,train,train__221_jpeg_jpg.rf.ddd425cac38eebe1cc9aca1c8fe2139a.jpg,5,fe035e3a8204648cc513f9542e788782f73e09dd5fd84b3ced61f13e6f9e3d48
train,222_jpeg_jpg.rf.b1d79d273df4ff8957c9c92bc44eb74e.jpg,train,train__222_jpeg_jpg.rf.b1d79d273df4ff8957c9c92bc44eb74e.jpg,19,600f2c242500b49acebbfc25f00134b097fedbea9f9ae75b77ff37cc455a6600
train,223_jpeg_jpg.rf.afe34bf60446bebd0f77e991283aeaab.jpg,train,train__223_jpeg_jpg.rf.afe34bf60446bebd0f77e991283aeaab.jpg,7,fc80ae793a7a082c59edd3fb2683d6ed4840571e186eca9ced68d55efb0eeeeb
train,224_jpeg_jpg.rf.17fd56cbe03258bc72085588b7437b93.jpg,train,train__224_jpeg_jpg.rf.17fd56cbe03258bc72085588b7437b93.jpg,6,92c8a0053a50c8a63fe2aad240b942d72f451f5190c12760576f7192c2a63832
train,225_jpeg_jpg.rf.51a70adf305b5c60158e08bb8750b645.jpg,train,train__225_jpeg_jpg.rf.51a70adf305b5c60158e08bb8750b645.jpg,7,f99da7738c7839fccac6ba38ec9f945792b3fd85878d6cdee4ef3938e72f5d70
train,226_jpeg_jpg.rf.86656488c61ea917927e7f707325cf8a.jpg,train,train__226_jpeg_jpg.rf.86656488c61ea917927e7f707325cf8a.jpg,6,7caccf4f3f8f87a4128f3496bd02ab32c7f08a35b4fb26c73a0183ef58c7de1a
train,227_jpeg_jpg.rf.efb5e81dfdc20c53da503e3f9ea8a02a.jpg,train,train__227_jpeg_jpg.rf.efb5e81dfdc20c53da503e3f9ea8a02a.jpg,4,c874a31833cdda847d1b851cf684b40753d30cdcaaeb98db45e5a2c79a419d3a
train,228_jpeg_jpg.rf.6a6693df790b4ef495356b6f5077ea86.jpg,train,train__228_jpeg_jpg.rf.6a6693df790b4ef495356b6f5077ea86.jpg,2,fc902d82287b52862bccc6df0babafc3a0fda180f493b479a11b5c9f01261ac6
train,229_jpeg_jpg.rf.d6c2781b5a4e2ef4fd5d783375220b95.jpg,train,train__229_jpeg_jpg.rf.d6c2781b5a4e2ef4fd5d783375220b95.jpg,7,7513305bf280e7acd036c8bd395adeb1039b8b8335a2fb825160bf32a8392d96
train,22_jpeg_jpg.rf.3ce20fc0536a26c7e98aa19a14cb1ab0.jpg,train,train__22_jpeg_jpg.rf.3ce20fc0536a26c7e98aa19a14cb1ab0.jpg,2,c8c6db481888e6dd291c57792e704ebddaa64c55c0d4698e944fce6d21af7c0f
train,230_jpeg_jpg.rf.1afbf963d19f9e44eac6ebd64be4065f.jpg,train,train__230_jpeg_jpg.rf.1afbf963d19f9e44eac6ebd64be4065f.jpg,7,8d68c7a10d4d84f325cb91477a444321ae45e260c529f5a300eaaedcc8fe42d9
train,231_jpeg_jpg.rf.2c4593fda6a0fb000534ee75fc67bd49.jpg,train,train__231_jpeg_jpg.rf.2c4593fda6a0fb000534ee75fc67bd49.jpg,5,28660d57a687df3d748c8566bf24282a5624bc9d9dd39fc64ed0f17df586e788
train,232_jpeg_jpg.rf.6c9a69e7fac5bc5f7867b618bff252ee.jpg,train,train__232_jpeg_jpg.rf.6c9a69e7fac5bc5f7867b618bff252ee.jpg,13,b089152a529debf3505d06fb288ddbf4a0d10530b3bc64d9835e2581ab982467
train,233_jpeg_jpg.rf.5eeecf6df1fff57522b0549b98f206b1.jpg,train,train__233_jpeg_jpg.rf.5eeecf6df1fff57522b0549b98f206b1.jpg,7,9562cb720a12c426160ccab97e2f9e3e85cd17cd80f855089191da04c457cd7f
train,234_jpeg_jpg.rf.959dbfec748297446fb5a181902f9503.jpg,train,train__234_jpeg_jpg.rf.959dbfec748297446fb5a181902f9503.jpg,5,ade74fc7b2d53647f2f4923f97647bd84a7680bd87a3ec8ff09ca3be3f09fb7a
train,235_jpeg_jpg.rf.75fa15e5b344a9c7832b7f249b217b9a.jpg,train,train__235_jpeg_jpg.rf.75fa15e5b344a9c7832b7f249b217b9a.jpg,2,5f0b66b594686be1b7319b96613b841ac7c505a77fd382d007c64c6bd7a3c076
train,236_jpeg_jpg.rf.07de7a24ca5f724130e7e8d245a57d77.jpg,train,train__236_jpeg_jpg.rf.07de7a24ca5f724130e7e8d245a57d77.jpg,9,ce1cbebe5232db8b2da288fdffb437c021e97a47c19ac98e98c32e5f58b22916
train,237_jpeg_jpg.rf.1ba8a02bd5a2ec01fc07a3336d2964c7.jpg,train,train__237_jpeg_jpg.rf.1ba8a02bd5a2ec01fc07a3336d2964c7.jpg,12,9450c433d1be24c4b91abe4c2079194409cb9a46fc3846222c9a04876a5daabe
train,238_jpeg_jpg.rf.93bb4f2c0ee8950a837307d29cca248b.jpg,train,train__238_jpeg_jpg.rf.93bb4f2c0ee8950a837307d29cca248b.jpg,10,465d9e762a89142233e784315a303316da7ea8882eb85fff88d37402362406a5
train,239_jpeg_jpg.rf.796aca14cec110c66fa49fe99e2395a7.jpg,train,train__239_jpeg_jpg.rf.796aca14cec110c66fa49fe99e2395a7.jpg,8,138a15b066c9390a23b4251af8f8fcafdd96c9bb86d30b7cabd46344bb39c25b
train,23_jpeg_jpg.rf.be3979896faee60b6804b2e9eac4b7e5.jpg,train,train__23_jpeg_jpg.rf.be3979896faee60b6804b2e9eac4b7e5.jpg,18,e20189756aab99f3501db98e394be986aef4f55a05a31978266747eee093cfdf
train,240_jpeg_jpg.rf.506df9845ae64f6b0ff600c4f2322a0a.jpg,train,train__240_jpeg_jpg.rf.506df9845ae64f6b0ff600c4f2322a0a.jpg,12,2d5e97ff491c1d138369cd55f3a27f5617897c5b0b9ad08c93872198efd19666
train,241_jpeg_jpg.rf.b6b4cb9226699971ad2292b95f8ebfbf.jpg,train,train__241_jpeg_jpg.rf.b6b4cb9226699971ad2292b95f8ebfbf.jpg,13,f6660cf65a311d7a266fed46ec1be9893317788c2b58a562f794c13fef1f77dd
train,242_jpeg_jpg.rf.3c884b06d5ac339db767881787171302.jpg,train,train__242_jpeg_jpg.rf.3c884b06d5ac339db767881787171302.jpg,13,9f6678748408ec43187548e7fd4f491faa7400fe4b170ff116f985af55bc30bf
train,243_jpeg_jpg.rf.6e351eecca7be98dbac952c7b97d1f5b.jpg,train,train__243_jpeg_jpg.rf.6e351eecca7be98dbac952c7b97d1f5b.jpg,12,ce49e811f0274ecb3608cdf8870f2f4527d533e7282eac7536f055f02e9d9470
train,244_jpeg_jpg.rf.2faa683add84d0c7bb5f770e1bced79d.jpg,train,train__244_jpeg_jpg.rf.2faa683add84d0c7bb5f770e1bced79d.jpg,13,6c78f66a131e4eb48a41342b8861ff7b9aabdb924682b438a20cc86a0248d89e
train,245_jpeg_jpg.rf.ab78aea2f599e9edf00ce905a0dba96f.jpg,train,train__245_jpeg_jpg.rf.ab78aea2f599e9edf00ce905a0dba96f.jpg,19,848001bf2b9f0f3e1e4e4466f44bb76d8b64683ee1a02641b9b50846a61a7e70
train,246_jpeg_jpg.rf.d333496ae9f56b1279e41e465ed862a2.jpg,train,train__246_jpeg_jpg.rf.d333496ae9f56b1279e41e465ed862a2.jpg,15,41a0cd147f342cb476cdb3e9af7c04ea66085ab818585dfa1a66be61f0cb8886
train,247_jpeg_jpg.rf.8f999b4cf6a6388ff0bfb949a90ba80e.jpg,train,train__247_jpeg_jpg.rf.8f999b4cf6a6388ff0bfb949a90ba80e.jpg,12,87215a9fa1586d733103c0832ad419dbe2d45f126a75a791f0ca6c7f038fb23b
train,248_jpeg_jpg.rf.5479f2febfc69ddfef7ee96f00b0ffe1.jpg,train,train__248_jpeg_jpg.rf.5479f2febfc69ddfef7ee96f00b0ffe1.jpg,14,b0bd922f5d78f49b7acf4961403dc506caf4d9803759bbc090432bf51ef08762
train,249_jpeg_jpg.rf.7b269ce99c5ed0d557c2caaf64efc448.jpg,train,train__249_jpeg_jpg.rf.7b269ce99c5ed0d557c2caaf64efc448.jpg,16,b9721bc73289e75d7cb0649b378d0e60544b43f5f97ef62b2ff30972465eb821
train,24_jpeg_jpg.rf.c90184e6f190ba78e00429e82df7dd99.jpg,train,train__24_jpeg_jpg.rf.c90184e6f190ba78e00429e82df7dd99.jpg,12,0822727826b47382af7accb9c526c108348ca507e0c678d096180d509020a9ab
train,250_jpeg_jpg.rf.70e10df5abea1891416c1bb7bc25f4a0.jpg,train,train__250_jpeg_jpg.rf.70e10df5abea1891416c1bb7bc25f4a0.jpg,1,1738965fa3c3176551ace7ddaa6f6fe247a9524702acb61d723f2e02efb2311f
train,251_jpeg_jpg.rf.cae49a02fb23f3b132c87d28e41371b9.jpg,train,train__251_jpeg_jpg.rf.cae49a02fb23f3b132c87d28e41371b9.jpg,3,14f9eba4a05a70095e31ddedf34c4acdec0d4a0c5625dcecd66dcad3220beb61
train,252_jpeg_jpg.rf.b56b72283be8537fa8089f6f6b9b0123.jpg,train,train__252_jpeg_jpg.rf.b56b72283be8537fa8089f6f6b9b0123.jpg,5,066db17da3c8c44abd80ec14f9c5e38f124dd72b02aff324fc77f4b86f5532c7
train,253_jpeg_jpg.rf.7491c7c572f92f0a9a1f7f10769fb5e5.jpg,train,train__253_jpeg_jpg.rf.7491c7c572f92f0a9a1f7f10769fb5e5.jpg,7,09c0fd9dd2da5b5d150a5529c5b746f9912205a07b6166b12661ac3c16d87e77
train,254_jpeg_jpg.rf.171ac3879448988d38261253c4d8c137.jpg,train,train__254_jpeg_jpg.rf.171ac3879448988d38261253c4d8c137.jpg,2,7a727d273575bcfcb23cd003db293f0189effb64b1dd1be2f062aba93b56ea81
train,255_jpeg_jpg.rf.a5bc690c1031ab15bdb84b01608e9323.jpg,train,train__255_jpeg_jpg.rf.a5bc690c1031ab15bdb84b01608e9323.jpg,10,efd317a9d8f2956fbc3c4e93ed2244ff5f4bd7bdf78bae3eb69b4acf09f22894
train,256_jpeg_jpg.rf.334c916f1f687d881786aa0cad177a1b.jpg,train,train__256_jpeg_jpg.rf.334c916f1f687d881786aa0cad177a1b.jpg,20,63254c12d8c51b33c58905cd4910da142b3870c5818d139bb06fb16d9e482469
train,257_jpeg_jpg.rf.a06301d37895d3b276753c57b9d3c11b.jpg,train,train__257_jpeg_jpg.rf.a06301d37895d3b276753c57b9d3c11b.jpg,6,efe3d446b4504aefe4b4a42e2340ca3ef874ddca59b053add73d3ab9e17a7880
train,258_jpeg_jpg.rf.deb2ce072d98a1b18a2eb6cd55d96e01.jpg,train,train__258_jpeg_jpg.rf.deb2ce072d98a1b18a2eb6cd55d96e01.jpg,13,2eea1a251f3c5b0837eec407effaea4bc6342f1bc72a14855b3fc92e5f991822
train,259_jpeg_jpg.rf.c37d79796bdad9550a14512344167655.jpg,train,train__259_jpeg_jpg.rf.c37d79796bdad9550a14512344167655.jpg,14,5ea2023c5cc487beee7a6947e54ba9fb3cdf22dcc596c86c5e40af17e3c02d49
train,25_jpeg_jpg.rf.bbb937019bdbcec2b1a390db4262953c.jpg,train,train__25_jpeg_jpg.rf.bbb937019bdbcec2b1a390db4262953c.jpg,15,ff7a37457fab242f019dc252b0b66b0ac2bb8b8f9a3772e6ae212e7d637c32f9
train,260_jpeg_jpg.rf.8a47cb73c907999cea5c91f5850a22b2.jpg,train,train__260_jpeg_jpg.rf.8a47cb73c907999cea5c91f5850a22b2.jpg,2,a7b5e7bbe735c20508ca361a7c4bc5be3195d40eba677506f18d52cd0e1b860c
train,261_jpeg_jpg.rf.6b2ac37581acc676e56d73092ac64d89.jpg,train,train__261_jpeg_jpg.rf.6b2ac37581acc676e56d73092ac64d89.jpg,2,ef5dd3388d5eeb7684791898c86da8a4037bc4433494a3fb938a1a4ef2994e7f
train,262_jpeg_jpg.rf.3bbc60e0d6790727bea3de236f009983.jpg,train,train__262_jpeg_jpg.rf.3bbc60e0d6790727bea3de236f009983.jpg,21,5ad95af85af763d225e1102ae992e4edbc3739e1b84bfc286f97700229a4233a
train,263_jpeg_jpg.rf.45c3391420eae3507d3d4f089841f0c4.jpg,train,train__263_jpeg_jpg.rf.45c3391420eae3507d3d4f089841f0c4.jpg,7,94e3e4196e2a147df62c57582ca6b46b0be3c68ca2900f5cfcd03473909ec243
train,264_jpeg_jpg.rf.4e7579fd24aad31cc793b96a9e1d19d5.jpg,train,train__264_jpeg_jpg.rf.4e7579fd24aad31cc793b96a9e1d19d5.jpg,11,27fc40e16c2d1690e47eeb7dc5a27c93840d149ac96baad4b28f435590781f38
train,265_jpeg_jpg.rf.9ef1fb3deb0001e89fafc53fe31637fd.jpg,train,train__265_jpeg_jpg.rf.9ef1fb3deb0001e89fafc53fe31637fd.jpg,11,75620f670af29430f2e46d0ec1684719771f83292157e0f22a3e074a0d579bc3
train,266_jpeg_jpg.rf.ff54b93aac22b5bad0afdd4a9c9953cb.jpg,train,train__266_jpeg_jpg.rf.ff54b93aac22b5bad0afdd4a9c9953cb.jpg,17,d67b0276be987ad2553f0fa33213b59fb755f4d06dad5fc49043065bb7754189
train,267_jpeg_jpg.rf.4011768342a23adea58c16651529ac00.jpg,train,train__267_jpeg_jpg.rf.4011768342a23adea58c16651529ac00.jpg,6,5760de160ba65197417ea97d2ba291aa6925036ed522af2cf2483286595faa25
train,268_jpeg_jpg.rf.68cc893f4269b43400d12887e483c51d.jpg,train,train__268_jpeg_jpg.rf.68cc893f4269b43400d12887e483c51d.jpg,2,205bf54f31eff45f2cf0b97094bbc707c3539a255f4b5beb8da94793070749d7
train,269_jpeg_jpg.rf.cf2997239c33a368cebf8db3921d3b71.jpg,train,train__269_jpeg_jpg.rf.cf2997239c33a368cebf8db3921d3b71.jpg,2,49da3b5348e37066c36d49be325c85d3ccadd5df94ba5cbad0b079f5108c98d4
train,26_jpeg_jpg.rf.117cc517a2122e584a4fc3983f0c08b4.jpg,train,train__26_jpeg_jpg.rf.117cc517a2122e584a4fc3983f0c08b4.jpg,11,49ca93a1bec634ff19030922a20c57d8ef857ab5d3f9dc16f6f2648814894e78
train,270_jpeg_jpg.rf.d5f0cc23a953723002340dea3a0d089f.jpg,train,train__270_jpeg_jpg.rf.d5f0cc23a953723002340dea3a0d089f.jpg,12,bf372898655d3407df230a5b65eab460e23fb67bd5e41f61b08bea52c0f33351
train,271_jpeg_jpg.rf.d7c7bdf777064639a5df3e4a49d09499.jpg,train,train__271_jpeg_jpg.rf.d7c7bdf777064639a5df3e4a49d09499.jpg,18,eccdd3e009384ba40a3e1c74620500487c26f301c1e6ff20fb7eb7ea4c6d16e6
train,272_jpeg_jpg.rf.25c6106d15edbd769f53fd54df1ae945.jpg,train,train__272_jpeg_jpg.rf.25c6106d15edbd769f53fd54df1ae945.jpg,4,37916282bae70eb4bd853544c026bec8c37cf5c90f090a86d5693abc71e56935
train,273_jpeg_jpg.rf.6fe150988e6849a8f977f3a8390d77db.jpg,train,train__273_jpeg_jpg.rf.6fe150988e6849a8f977f3a8390d77db.jpg,13,a2a05bc201db5e3146f29888ff93b42ac48f759b86f93e8d7fd02cb7261c2dd7
train,274_jpeg_jpg.rf.beb3108a5af874360c29c20ef977776f.jpg,train,train__274_jpeg_jpg.rf.beb3108a5af874360c29c20ef977776f.jpg,8,711cdea8182ec3e6648833653a01cd63b499393522e5703999e6eb880c1a0961
train,275_jpeg_jpg.rf.04b3bee459ea6ac49f568a956c614b9a.jpg,train,train__275_jpeg_jpg.rf.04b3bee459ea6ac49f568a956c614b9a.jpg,6,c1850471a30fbcc9e4e38f684243aeaa1c017e86617864d95d60e11cf744cb0e
train,276_jpeg_jpg.rf.4f0b4781465417edd7675f651c57b92f.jpg,train,train__276_jpeg_jpg.rf.4f0b4781465417edd7675f651c57b92f.jpg,3,99ae085fee2202904d07c2637f36dfcc6a71927abd796dd1be0221a20b3a1523
train,277_jpeg_jpg.rf.278fe86dffdef7b20fc1ffc802c48b60.jpg,train,train__277_jpeg_jpg.rf.278fe86dffdef7b20fc1ffc802c48b60.jpg,1,b164fdd74a96894344787df607391712364f3e78c4dd9f96f13d2118624a4a1f
train,278_jpeg_jpg.rf.8c65314790145157dc7e0a42342011fe.jpg,train,train__278_jpeg_jpg.rf.8c65314790145157dc7e0a42342011fe.jpg,7,72367c30b0311ad0d75be25dd20700a6e501a0bcb38deda7c92713c65bdc0be4
train,279_jpeg_jpg.rf.26bc21420a3c94e4d9864c6ca5c1a5d8.jpg,train,train__279_jpeg_jpg.rf.26bc21420a3c94e4d9864c6ca5c1a5d8.jpg,14,3af9ce00375147520fafe8413c682a72c4abf5451fc13871d66048a6ea955bb5
train,27_jpeg_jpg.rf.fcbbb5033f1e7027dd87ed505b79504c.jpg,train,train__27_jpeg_jpg.rf.fcbbb5033f1e7027dd87ed505b79504c.jpg,16,69f20ad7c7eff8b59b15251507995941b53d42e1a10cbd933b2ef901e21c896f
train,280_jpeg_jpg.rf.aba339d195437720eaaea4c5d6621d37.jpg,train,train__280_jpeg_jpg.rf.aba339d195437720eaaea4c5d6621d37.jpg,12,f57e9bb758ea6508167a4967e4b199e6d8aac75ab135a6c76c99660704f57408
train,281_jpeg_jpg.rf.27997072e69f8c7c7b16ddfb3fa9fff4.jpg,train,train__281_jpeg_jpg.rf.27997072e69f8c7c7b16ddfb3fa9fff4.jpg,7,1567927244dbefa87bb1dcc81c09ec026e90c46bdcde230eac121ac190f93b08
train,282_jpeg_jpg.rf.6939df7c033685e6419bc697f0ceb97c.jpg,train,train__282_jpeg_jpg.rf.6939df7c033685e6419bc697f0ceb97c.jpg,11,d88e1be734e2c02b03d6f4885d3f52e6b273f4afc1594edafec4a38e78961c4d
train,283_jpeg_jpg.rf.ba559092219fb08109e9b53c8ab7e466.jpg,train,train__283_jpeg_jpg.rf.ba559092219fb08109e9b53c8ab7e466.jpg,5,18da9934c060e04d09696a00f4814c1f95d2d6be0532fb105060fc67d70ece7f
train,284_jpeg_jpg.rf.f0ff75bfa51ad04b8ec787f87ff78f0b.jpg,train,train__284_jpeg_jpg.rf.f0ff75bfa51ad04b8ec787f87ff78f0b.jpg,5,2d20a07a8d63ead98bb053add8149c402d00df799e6c402db4da7fca97833de8
train,285_jpeg_jpg.rf.82a627cd134a96f35a342236e3637949.jpg,train,train__285_jpeg_jpg.rf.82a627cd134a96f35a342236e3637949.jpg,12,a212f82710a50d38d8622c2ad00fcdb7edd70c3ed03ea85b8df75cc4faa9929f
train,286_jpeg_jpg.rf.6721e040b0dad87dfae954808c1000ee.jpg,train,train__286_jpeg_jpg.rf.6721e040b0dad87dfae954808c1000ee.jpg,8,36253cf0e14852e4e343736e2e3be463d05d8dccbb7eec5f884315b36407e4ff
train,287_jpeg_jpg.rf.97a2a26568c0f42be453370237ad4f14.jpg,train,train__287_jpeg_jpg.rf.97a2a26568c0f42be453370237ad4f14.jpg,20,25d75f9b7b73798c16a56e2492cb9022fb34470eb76e4afff7cbe625e24b8ef6
train,288_jpeg_jpg.rf.c4ee204aeb175642f25de03a6d1ad853.jpg,train,train__288_jpeg_jpg.rf.c4ee204aeb175642f25de03a6d1ad853.jpg,8,2bd414f9025a64c2a2e4bdee89855b2e5fe561584d47089aff78f07175830bc5
train,289_jpeg_jpg.rf.aef8da4b1990da2058dadaa16a6abad6.jpg,train,train__289_jpeg_jpg.rf.aef8da4b1990da2058dadaa16a6abad6.jpg,14,546b76845af8f17237d16bb83c00bb6b4b3fe7f80293be2df460c11b8500cdd1
train,28_jpeg_jpg.rf.df3caccbadcdc556a427d4d5fd18a02d.jpg,train,train__28_jpeg_jpg.rf.df3caccbadcdc556a427d4d5fd18a02d.jpg,11,67968738556ea57cd62ffbcc7f5834e240655f27a070b85a9f73d3d49570219e
train,290_jpeg_jpg.rf.c282b93a76414b7f21bad055cbe474d9.jpg,train,train__290_jpeg_jpg.rf.c282b93a76414b7f21bad055cbe474d9.jpg,4,70e92efbd7e2f1eac624fcd59d79a97522c47895d60396f9d5498f74022b8607
train,291_jpeg_jpg.rf.0894e16ced1b37a69ad12d2c48f660e4.jpg,train,train__291_jpeg_jpg.rf.0894e16ced1b37a69ad12d2c48f660e4.jpg,5,504b223b01e833d92a0e497b1749b62c68de29acd89507807b704ab59376907c
train,292_jpeg_jpg.rf.79abb7dad5b4e68ba7d0b25102a93927.jpg,train,train__292_jpeg_jpg.rf.79abb7dad5b4e68ba7d0b25102a93927.jpg,5,441d4cfc1f6a1ab575bae9b14ba05b5eac9b5f3662cf5d40be66c87dcc657e36
train,293_jpeg_jpg.rf.af07f926c9f3cb1389724418bc10a0aa.jpg,train,train__293_jpeg_jpg.rf.af07f926c9f3cb1389724418bc10a0aa.jpg,10,f39acbc52da790c132a1aedb38d5144539f4762b623209aa661b52a10cc0f1c2
train,294_jpeg_jpg.rf.40ccf97e1d47ace92d104cfca3789b68.jpg,train,train__294_jpeg_jpg.rf.40ccf97e1d47ace92d104cfca3789b68.jpg,8,1ccd894ffd4271fe2ec6fa4504afaff450182865b6469dc981e65130c4678c91
train,295_jpeg_jpg.rf.40323c885f46648e576b146e6d31d952.jpg,train,train__295_jpeg_jpg.rf.40323c885f46648e576b146e6d31d952.jpg,5,8c46a3ab2b9f14d0e79712496226b900f7617dea445ba8452b310ae9f81c5b6c
train,296_jpeg_jpg.rf.437e6fd1ccecfd4bb28c2622e6207f91.jpg,train,train__296_jpeg_jpg.rf.437e6fd1ccecfd4bb28c2622e6207f91.jpg,13,6e5bd1ec91f9582c729b3273655f21769a7788399a0beaec3ea642d9d6c69caa
train,297_jpeg_jpg.rf.dd2ea04d40a5e3db002a04cdf749e449.jpg,train,train__297_jpeg_jpg.rf.dd2ea04d40a5e3db002a04cdf749e449.jpg,4,e4e5b389190e07269b9e68c87d2b6e9c24cf89d2ff40363c51385e9347a2c7ed
train,298_jpeg_jpg.rf.77ee0444fe14ae73f984fa8ae1ae184c.jpg,train,train__298_jpeg_jpg.rf.77ee0444fe14ae73f984fa8ae1ae184c.jpg,8,e11f526ecc187d66d12c32328a6be0486af2c6ba964a0c3412707536ce2b2f5a
train,299_jpeg_jpg.rf.f956ded34b457fa93b784dd7a15bf1a5.jpg,train,train__299_jpeg_jpg.rf.f956ded34b457fa93b784dd7a15bf1a5.jpg,8,8dda42df41b4208fb04a3442dd191a943f364b38a95529285845303fc42d660d
train,29_jpeg_jpg.rf.537ef1b63c4286301e40e0b25e167fa3.jpg,train,train__29_jpeg_jpg.rf.537ef1b63c4286301e40e0b25e167fa3.jpg,6,72cd4db10c7764fe0770adac260f908b955794c7dd3561452a4caf986378364f
train,2_jpeg_jpg.rf.6518501323a632051823a79f506270a9.jpg,train,train__2_jpeg_jpg.rf.6518501323a632051823a79f506270a9.jpg,5,1c4a13a9322cb58ef259ce394808d91b273aa529ebceb13ccc7443ecfa430b93
train,300_jpeg_jpg.rf.de7778747bdb73e56288bc81c4c6ea2d.jpg,train,train__300_jpeg_jpg.rf.de7778747bdb73e56288bc81c4c6ea2d.jpg,12,92c779b4971363c35d054d986798aafdd66356505af03659f404494d461503e4
train,301_jpeg_jpg.rf.7eae853ec87f16798038c48323d354bf.jpg,train,train__301_jpeg_jpg.rf.7eae853ec87f16798038c48323d354bf.jpg,5,abd6cbc345f9002805432c8245e65d7c9b533001740dcb03cefc5543c257c81f
train,302_jpeg_jpg.rf.200dcb620571f888ea86589441ba93b2.jpg,train,train__302_jpeg_jpg.rf.200dcb620571f888ea86589441ba93b2.jpg,3,37490f80ed44bc3f45b9bf128ca052f885d8593d08ad7aa8bdd4375bb6610601
train,303_jpeg_jpg.rf.69e0f6065ffb36f870c4155da343e270.jpg,train,train__303_jpeg_jpg.rf.69e0f6065ffb36f870c4155da343e270.jpg,32,c4dbe6a3483920f857787e0fe4aba519737bfc0a367e9585402fd2611b7f7e1b
train,304_jpeg_jpg.rf.8640e6fe6587c832ffc3d996cdeea808.jpg,train,train__304_jpeg_jpg.rf.8640e6fe6587c832ffc3d996cdeea808.jpg,21,92c7556a005f4f2831032604ac53ff64ab87b1dbd226c768b354af547931c6ae
train,305_jpeg_jpg.rf.6224deae51fd1f43fa0a2e27dd3f8b52.jpg,train,train__305_jpeg_jpg.rf.6224deae51fd1f43fa0a2e27dd3f8b52.jpg,9,afb9fdef89b92ad704105c1f96571849d16c6351a9c7007a0500c1ce3cb40897
train,306_jpeg_jpg.rf.688af1951767451a1c80ca462cfff73a.jpg,train,train__306_jpeg_jpg.rf.688af1951767451a1c80ca462cfff73a.jpg,9,2f9546ef8c9959bb538d61dda8d3527b79e0d19fa6e883866c98a2f235efb8c3
train,307_jpeg_jpg.rf.b593dcda0c55e5f8d42ae1b013a5dbc7.jpg,train,train__307_jpeg_jpg.rf.b593dcda0c55e5f8d42ae1b013a5dbc7.jpg,16,66cc52b5fb2863a277ad400492955d9653a0824126e70df3d3383f936e23b543
train,308_jpeg_jpg.rf.a225d8fd6096e319df8b8ea5abce1028.jpg,train,train__308_jpeg_jpg.rf.a225d8fd6096e319df8b8ea5abce1028.jpg,8,38c8ee8f0db77a2fe5ac71024008b86b6cdf56686bc46421831c5ae9307b350c
train,309_jpeg_jpg.rf.0b14774a3d3016f3f6767b18d0cf3f21.jpg,train,train__309_jpeg_jpg.rf.0b14774a3d3016f3f6767b18d0cf3f21.jpg,2,35b0aea13be102d390e2d06e1d7437231c572a352a5629f70d35b4e2f67209d9
train,30_jpeg_jpg.rf.00d7b0ab9e9a2b6818920100bd5e62d4.jpg,train,train__30_jpeg_jpg.rf.00d7b0ab9e9a2b6818920100bd5e62d4.jpg,3,af48a4889f97782b7bc2b3708c6f29b33a2c6d82b4a4a15399f302f1c5050910
train,310_jpeg_jpg.rf.e3ad480b572138c1a0c442b8ebad5463.jpg,train,train__310_jpeg_jpg.rf.e3ad480b572138c1a0c442b8ebad5463.jpg,7,b76d5780896f4713a022ec31d1c8fe42e4b64134564f9910d852d6a2fc9e5649
train,311_jpeg_jpg.rf.0695c95c62b9ccd78b8cc526dc983376.jpg,train,train__311_jpeg_jpg.rf.0695c95c62b9ccd78b8cc526dc983376.jpg,10,de2165c89964b5785dc3d2c5975f51937ca62ae42ecd2f2fc5e1da65014da083
train,312_jpeg_jpg.rf.b2ebe29ba59de7f7dabcf5b879c601b8.jpg,train,train__312_jpeg_jpg.rf.b2ebe29ba59de7f7dabcf5b879c601b8.jpg,14,eca2b934fe5047e0f5a89a2e4ac1acd1c0bf318bcea9f4a44f2af5d0024746f3
train,313_jpeg_jpg.rf.1cf0a5c5539482b5e808ad65fb0bcb3b.jpg,train,train__313_jpeg_jpg.rf.1cf0a5c5539482b5e808ad65fb0bcb3b.jpg,12,26a6a39ecc1cd6e9420c43bb3748bbee69817906f26f432435e12f247cb95161
train,314_jpeg_jpg.rf.0753ae083ef39be2ae0e962ee2fca041.jpg,train,train__314_jpeg_jpg.rf.0753ae083ef39be2ae0e962ee2fca041.jpg,8,316a611eddc2a37f11c3db501bfc48eeb8f8a83c49630f49c9572ad88df20909
train,315_jpeg_jpg.rf.5b7ff230fee3e44d76ab344cbe3c7c31.jpg,train,train__315_jpeg_jpg.rf.5b7ff230fee3e44d76ab344cbe3c7c31.jpg,15,bd434fecd6760669977694788d21c4acbcc0897d06be08a40c772c7bbe3fecbe
train,316_jpeg_jpg.rf.0a46398eb04a126252a85c49acce8a42.jpg,train,train__316_jpeg_jpg.rf.0a46398eb04a126252a85c49acce8a42.jpg,10,83cd1ade5443c5d5d53115ff78dd90f9fd8a4e02f98ba74189dba88577d3a344
train,317_jpeg_jpg.rf.c331ec43a9b1f0a2e3a035fc64d20693.jpg,train,train__317_jpeg_jpg.rf.c331ec43a9b1f0a2e3a035fc64d20693.jpg,2,85d620943320860a02f4bdd358032a49e48dd616a68ef26ab6e5da7fe2099b16
train,318_jpeg_jpg.rf.4ca9c6a740485781db015dbf7a0e7e05.jpg,train,train__318_jpeg_jpg.rf.4ca9c6a740485781db015dbf7a0e7e05.jpg,8,686dd541b0703d377eeacb248d4ef8bd28c44d4c37b3f45934d02760f1278685
train,319_jpeg_jpg.rf.4b2fe231f87647ea876032e30bd5fb0f.jpg,train,train__319_jpeg_jpg.rf.4b2fe231f87647ea876032e30bd5fb0f.jpg,8,1c1ebbe9b903e763edf8f52f968e78d50acf2f63f20c5f6ba012f9b676c76825
train,31_jpeg_jpg.rf.3721bb692a9261b2ecff60bf64ba9745.jpg,train,train__31_jpeg_jpg.rf.3721bb692a9261b2ecff60bf64ba9745.jpg,8,98f8167404c32e8bd59d1844a18c5d552ecc2a8a7762286da64ea89fe70c23e9
train,320_jpeg_jpg.rf.0867cbd21263aec2cd0c56363fbea481.jpg,train,train__320_jpeg_jpg.rf.0867cbd21263aec2cd0c56363fbea481.jpg,13,6a9066e92fb42160df42e67455e09e9ef413af4ddfa34ef9fcda88cf41280faa
train,321_jpeg_jpg.rf.e64e917aa313f4de6e2b98f54b9d4ed2.jpg,train,train__321_jpeg_jpg.rf.e64e917aa313f4de6e2b98f54b9d4ed2.jpg,10,5ea8c561c0967ec3702ae8b83c4890ce0b0862446ae2bff96541b790bf13ba77
train,322_jpeg_jpg.rf.f834294fb607216c3afbf2fbb51398ed.jpg,train,train__322_jpeg_jpg.rf.f834294fb607216c3afbf2fbb51398ed.jpg,19,165af6b51ccb200d8e6126f4fe44a76a5c6a6753268b32bbe26d15e64888aeda
train,323_jpeg_jpg.rf.65646d88955099accbfa730607e7162f.jpg,train,train__323_jpeg_jpg.rf.65646d88955099accbfa730607e7162f.jpg,26,32d016c820b74ff5b99e7c2670419311e58cd4ea6fa800ca636ece88a12a919f
train,324_jpeg_jpg.rf.40bb6c68961184f0331a015bb7e2ba26.jpg,train,train__324_jpeg_jpg.rf.40bb6c68961184f0331a015bb7e2ba26.jpg,8,e934902bf15ed8981143468473c3c5c643e72df6752b47d36dcf830e8b5885ea
train,325_jpeg_jpg.rf.acfad435b9b8eb00364d7ef528fc5439.jpg,train,train__325_jpeg_jpg.rf.acfad435b9b8eb00364d7ef528fc5439.jpg,17,7859500e7d72d79d13a9eef618ae2adcaa95bf7564eef2c60063caaab70a78e1
train,326_jpeg_jpg.rf.b0ed5e1ab9d0d85e2e343b7536e46572.jpg,train,train__326_jpeg_jpg.rf.b0ed5e1ab9d0d85e2e343b7536e46572.jpg,8,5c757e85640d4d563ef0549d74a9b1d1c61f05f3c3ce1ea35c754e2e69c93539
train,327_jpeg_jpg.rf.8a92a2e243a047467b035eee74bd757c.jpg,train,train__327_jpeg_jpg.rf.8a92a2e243a047467b035eee74bd757c.jpg,13,b08b5ca63e87c931feff31ead61e6af1cbc41457b232693033ef660aada71103
train,328_jpeg_jpg.rf.ca19b56d2bf1894f793b3f5a27e8f986.jpg,train,train__328_jpeg_jpg.rf.ca19b56d2bf1894f793b3f5a27e8f986.jpg,8,d69badccfa186a72c4f7a45819aa4dd301f745b93e4eac4ab0d21cf59bccead0
train,329_jpeg_jpg.rf.6fea6304a30ef0833f0e9fe205891a1f.jpg,train,train__329_jpeg_jpg.rf.6fea6304a30ef0833f0e9fe205891a1f.jpg,18,27462a3377c08c6970232426e15447636f72920ed1e185f84e3f76f56823645b
train,32_jpeg_jpg.rf.adf86fd1fbbcf825111ce91e1e1b2009.jpg,train,train__32_jpeg_jpg.rf.adf86fd1fbbcf825111ce91e1e1b2009.jpg,17,f62b682f18015756d7606c42bc9462cf663f590d331b984b188562e43bf40bae
train,330_jpeg_jpg.rf.a7b7722dc308d5d2c727af6369297d9c.jpg,train,train__330_jpeg_jpg.rf.a7b7722dc308d5d2c727af6369297d9c.jpg,15,3057726d0926f68e65e9814346836b5c31df2ae5548c64556976f30b7e4ed3d8
train,331_jpeg_jpg.rf.32de12cf1914bae58fb7673aa2264134.jpg,train,train__331_jpeg_jpg.rf.32de12cf1914bae58fb7673aa2264134.jpg,4,bab3c5124f1d6b40a9e54ade61d45fd623f534054af9e0ce99cb890ead9b7e8c
train,332_jpeg_jpg.rf.fd3199e6d93f1c48cba49ad7f6eeb47a.jpg,train,train__332_jpeg_jpg.rf.fd3199e6d93f1c48cba49ad7f6eeb47a.jpg,8,153185583d53e3d7ab00173a1acafe1887b27bcd87ea8001d4d4bbaf4bb529ea
train,333_jpeg_jpg.rf.35170ef582823ef674171b3717673443.jpg,train,train__333_jpeg_jpg.rf.35170ef582823ef674171b3717673443.jpg,14,48cfc029089c7e02d2f0a970f3a5e313db4ae089e9b0037f704cada370ebc7cc
train,334_jpeg_jpg.rf.b71a326347975ed6fad737171a701515.jpg,train,train__334_jpeg_jpg.rf.b71a326347975ed6fad737171a701515.jpg,12,758efdefb91bac4b47be7f6ccc7d3f26b1ec2e850a62043a7de0b4a527533993
train,335_jpeg_jpg.rf.3c77f32c39fc1775ff9606ff80536ae8.jpg,train,train__335_jpeg_jpg.rf.3c77f32c39fc1775ff9606ff80536ae8.jpg,11,0fdc9a41c738256cee40ecfb0edd67ff646679ea0afc1af3d68ec768059768ab
train,336_jpeg_jpg.rf.f078e2561e04a3a5401cc7bf67d5dfaa.jpg,train,train__336_jpeg_jpg.rf.f078e2561e04a3a5401cc7bf67d5dfaa.jpg,11,0086c1b3966c37a2a15cc01cee6f2008c2f25c29c2ab847d2114b98bd6308462
train,337_jpeg_jpg.rf.b588fe250283cdb187ba55ca52139f10.jpg,train,train__337_jpeg_jpg.rf.b588fe250283cdb187ba55ca52139f10.jpg,4,ead454c4689d2caaf270ddc3cda5d85c4d4de0f1b84506a74d10775767841f93
train,338_jpeg_jpg.rf.6904beac2831631d04882773bd19734e.jpg,train,train__338_jpeg_jpg.rf.6904beac2831631d04882773bd19734e.jpg,11,4bbb2208bcf60c86ada364363cd8c83cf2faff5c34087131d170d7d7e3ef2137
train,339_jpeg_jpg.rf.c84ff3eb68bdb5205d1ce6714a785a1d.jpg,train,train__339_jpeg_jpg.rf.c84ff3eb68bdb5205d1ce6714a785a1d.jpg,8,0ddedf07a72844a5a95f849b821a5d81c8cf6c5aae9df5b0edd3ad22740d377d
train,33_jpeg_jpg.rf.017c5c3f2318df95be94e5c27037d671.jpg,train,train__33_jpeg_jpg.rf.017c5c3f2318df95be94e5c27037d671.jpg,11,8efca4425fb4eec9794ed4ca6ecfebbba34743221ad21b4f01efdbc8a5be2e27
train,340_jpeg_jpg.rf.d081d4f196f70cc08ba4f7e78c63fe74.jpg,train,train__340_jpeg_jpg.rf.d081d4f196f70cc08ba4f7e78c63fe74.jpg,12,b95616669fce74f5c2c4ea7236722c2841b77e342e9c8d60a0850c880dc47c01
train,341_jpeg_jpg.rf.f3af42a4510a0caf6925b2989f7a593e.jpg,train,train__341_jpeg_jpg.rf.f3af42a4510a0caf6925b2989f7a593e.jpg,7,c6b93abe9ba63edc8f03c2d3cab4a58aea627bfd79623134bd9a52b9b16ed335
train,342_jpeg_jpg.rf.fc4776cc482504c68f8278b7c2b21133.jpg,train,train__342_jpeg_jpg.rf.fc4776cc482504c68f8278b7c2b21133.jpg,6,dc70b46b671e955724bc8afb6fd16830821f0514130c07bf07dacdbf799c94ef
train,343_jpeg_jpg.rf.d881905dd7af2c1d771067a9ee188b7a.jpg,train,train__343_jpeg_jpg.rf.d881905dd7af2c1d771067a9ee188b7a.jpg,3,a63147c6ad51a28972ef12d4951a00051fd7c1ce500ba024d78dbcf8fd553b18
train,344_jpeg_jpg.rf.9743b1e89f3d127258b2447c5d04ec8f.jpg,train,train__344_jpeg_jpg.rf.9743b1e89f3d127258b2447c5d04ec8f.jpg,9,d279c0220e4dd037e35bf5c63a308d23b7aeb81b2e2130644c4729792b42e1f1
train,345_jpeg_jpg.rf.dd65a0d09c683f0532c516cb5882f1a9.jpg,train,train__345_jpeg_jpg.rf.dd65a0d09c683f0532c516cb5882f1a9.jpg,6,7ec66d0fdec0cccfd5339e1f597b16c04a11efe7315a3701407ccac73c5fb82e
train,346_jpeg_jpg.rf.ca6968bfa0fc577adb614d24856a3479.jpg,train,train__346_jpeg_jpg.rf.ca6968bfa0fc577adb614d24856a3479.jpg,9,2a03138ad37196a1d3c27712da1e9fb91f5f11696e109a529fa1668aa45de908
train,347_jpeg_jpg.rf.08924b42f445dda05c54131379e77fba.jpg,train,train__347_jpeg_jpg.rf.08924b42f445dda05c54131379e77fba.jpg,14,94ba46ea94f00f55e50683b856c8cc54bbed32a4de5fea77b9641ed3ecef70d7
train,348_jpeg_jpg.rf.3a03dfbac4e16c4dc63b34523eb33cee.jpg,train,train__348_jpeg_jpg.rf.3a03dfbac4e16c4dc63b34523eb33cee.jpg,7,ce41ef76e3d85a2c66ede437c0f9dabd3c0aa5d6ef1862cf2eac4f2eb6646cfe
train,349_jpeg_jpg.rf.e45133c598772ad7bd15ac5e6d22af0a.jpg,train,train__349_jpeg_jpg.rf.e45133c598772ad7bd15ac5e6d22af0a.jpg,7,1492dda2c169f57cd8610c8edf95b95bdda7f21a05c0862a4a38846186b1debb
train,34_jpeg_jpg.rf.893c6b2a1b10a901aed49d4d2e31d23f.jpg,train,train__34_jpeg_jpg.rf.893c6b2a1b10a901aed49d4d2e31d23f.jpg,3,8819eefc7c5262ef1c7bf0acc890a565eef307ef9e69d72bd7fa96a10c07ea3d
train,350_jpeg_jpg.rf.bfb1f4804d329821bd2a7fa3539e0a9e.jpg,train,train__350_jpeg_jpg.rf.bfb1f4804d329821bd2a7fa3539e0a9e.jpg,6,bb7357f13ad12989ea881fb6b165c289bf376ecf5fd8c3cbd98c94284fa1d804
train,351_jpeg_jpg.rf.cc812df234a7eefc0ef449c0506d72a2.jpg,train,train__351_jpeg_jpg.rf.cc812df234a7eefc0ef449c0506d72a2.jpg,6,e6dd9abd774222fe625fe2b32f6a40dfbe8a038ec318ecb34fca28cd6244a034
train,352_jpeg_jpg.rf.b20d64eb4a49f2094bd031e67bb57dea.jpg,train,train__352_jpeg_jpg.rf.b20d64eb4a49f2094bd031e67bb57dea.jpg,10,881826d356b3dde795d6bfde773804fc6e535369feabef4bd1a56cc4d47705bb
train,353_jpeg_jpg.rf.daa514752550f212d265d16fe5cada35.jpg,train,train__353_jpeg_jpg.rf.daa514752550f212d265d16fe5cada35.jpg,10,b81210b265b68c29952e7eed8e3b5515239c791353cc4a402a6a1294605cd3af
train,354_jpeg_jpg.rf.5104f47d4563b50e74673eb16c2ac1b6.jpg,train,train__354_jpeg_jpg.rf.5104f47d4563b50e74673eb16c2ac1b6.jpg,3,a2ab8ff51037d1fb492190a7513043d9e27b296d0ead186d4a266267cb86986a
train,355_jpeg_jpg.rf.555aa22fcfaeaee82e8522f1c9c78c39.jpg,train,train__355_jpeg_jpg.rf.555aa22fcfaeaee82e8522f1c9c78c39.jpg,13,f6d369d578caa40d85dc176907d1c74724fb60213143804c3b3f830c4acd9b8e
train,357_jpeg_jpg.rf.93d75750f224ff777d55cf1dae005128.jpg,train,train__357_jpeg_jpg.rf.93d75750f224ff777d55cf1dae005128.jpg,9,1363bc32d0a10ef5f759493f01f2945a39ed61cc4ec8207f65a516299b29edf2
train,358_jpeg_jpg.rf.dd3879700c3b7bea0fbd39c2329f5245.jpg,train,train__358_jpeg_jpg.rf.dd3879700c3b7bea0fbd39c2329f5245.jpg,17,e4c0cd7e46d44fa2539255d3603b2b826d279d37ddf9af2bffca1d26f25568f5
train,359_jpeg_jpg.rf.db824909c46e052a5e5e6c5307470dac.jpg,train,train__359_jpeg_jpg.rf.db824909c46e052a5e5e6c5307470dac.jpg,8,ae547454f92632a829dfc7acb62e8912e4ad1c5636af1a0b9665661507acfca6
train,35_jpeg_jpg.rf.b7170dda990e656e6318af0d530ad6da.jpg,train,train__35_jpeg_jpg.rf.b7170dda990e656e6318af0d530ad6da.jpg,13,c6d7ff28e294907eb1d8dec59aa19f2a6f32ea110523837827074b7bcbb369f5
train,361_jpeg_jpg.rf.58e1dd4f7d75c290b9b7d24c9579728e.jpg,train,train__361_jpeg_jpg.rf.58e1dd4f7d75c290b9b7d24c9579728e.jpg,6,04e53263d902e6df32a6bd966681d271dadab739e6996e5a9a346654a9356c0e
train,362_jpeg_jpg.rf.d4e6f5c209c31a35c78e9d9b26379165.jpg,train,train__362_jpeg_jpg.rf.d4e6f5c209c31a35c78e9d9b26379165.jpg,8,0087703cbdb259ac4590ae0b8eceac37c4fc589e49ac97bfc389fca8e12b21b9
train,363_jpeg_jpg.rf.d33ba9ca832c1f43d62dd2bb71e9d1c1.jpg,train,train__363_jpeg_jpg.rf.d33ba9ca832c1f43d62dd2bb71e9d1c1.jpg,14,523ac08dab6bf62eddc7b8a6e5376f2c8cb9d77b656dac698b7894451a0f0934
train,364_jpeg_jpg.rf.43fea579cea2fa6992761328211fe3fd.jpg,train,train__364_jpeg_jpg.rf.43fea579cea2fa6992761328211fe3fd.jpg,19,61a247d6e1998fe6d0a0e300d45d73fc4465118d2c0c7e7e15bb18eb1edcf044
train,367_jpeg_jpg.rf.8985194e8b417ed37bdf0cb9f9b7bc9e.jpg,train,train__367_jpeg_jpg.rf.8985194e8b417ed37bdf0cb9f9b7bc9e.jpg,20,62aea25bc8425efbd48be3b4a465fa4ab60e41346ca7b133d2b982266630d32f
train,368_jpeg_jpg.rf.f60f813603441d002c1d28933312e078.jpg,train,train__368_jpeg_jpg.rf.f60f813603441d002c1d28933312e078.jpg,19,f65b6962e1f729e4c0c47fb3a7fdb81b0b9dcf2cb2a19a2306be8cf0fdecb626
train,369_jpeg_jpg.rf.60ef87db7c9df950ebdfcafc81ff6c85.jpg,train,train__369_jpeg_jpg.rf.60ef87db7c9df950ebdfcafc81ff6c85.jpg,8,64a39ce508efc2c879c153a2e5b2f7db5b2a58e81db0118c95b931b025457065
train,36_jpeg_jpg.rf.ec231b4375078016426ef445992d23b6.jpg,train,train__36_jpeg_jpg.rf.ec231b4375078016426ef445992d23b6.jpg,10,61c81ebb2232ae7a8720247bfd58cf820707c9ac19830c5f49a88400880ad5f5
train,371_jpeg_jpg.rf.cdc0374fc5092dca377c30ceeb08837c.jpg,train,train__371_jpeg_jpg.rf.cdc0374fc5092dca377c30ceeb08837c.jpg,3,5ee80433d9ce66851e4445a8d8892a75944375d74e69da5f4159b56cf35a600d
train,372_jpeg_jpg.rf.76bcb56f7e872946b2e4acbdb4619f70.jpg,train,train__372_jpeg_jpg.rf.76bcb56f7e872946b2e4acbdb4619f70.jpg,4,6abd2b4082257ab69f0c1e46056ae9465036181f29af95e0e64768a00e8899d5
train,373_jpeg_jpg.rf.8930f67b1024acaeea8e58de7f6c9b1f.jpg,train,train__373_jpeg_jpg.rf.8930f67b1024acaeea8e58de7f6c9b1f.jpg,6,5dad88c3967e764923a695c6334714616673bb03cdddc70474c527f57994324a
train,37_jpeg_jpg.rf.ac911b04c7cd742ce44f4492753e155d.jpg,train,train__37_jpeg_jpg.rf.ac911b04c7cd742ce44f4492753e155d.jpg,10,754002b51c05e01960f1fe2d0c8de88b729ea7eba6d2f789cb0aa599f72c981e
train,380_jpeg_jpg.rf.3c2679bc08912605c9537de48033f1c7.jpg,train,train__380_jpeg_jpg.rf.3c2679bc08912605c9537de48033f1c7.jpg,4,04ac9e93a1178a32cc3461090687b4d937dfc4a75944b7b06fd73f07ae26d2b0
train,389_jpeg_jpg.rf.7149b136cc2e769bf9ca74873877a721.jpg,train,train__389_jpeg_jpg.rf.7149b136cc2e769bf9ca74873877a721.jpg,10,245ccc861522e38990ec773e574735b58dd7a6c40a35cac33f4fdd0e47df20d1
train,38_jpeg_jpg.rf.b70b7738baff05604392f51119a0305e.jpg,train,train__38_jpeg_jpg.rf.b70b7738baff05604392f51119a0305e.jpg,6,ee607e9faf649e885c33e95bfe4cf6396afe93cd09a6b9ee7cec3c0aa89b74ad
train,393_jpeg_jpg.rf.1bc6d6d4bed5d227fa469cb519041c5c.jpg,train,train__393_jpeg_jpg.rf.1bc6d6d4bed5d227fa469cb519041c5c.jpg,8,e90b8358a1ab289f8cdd157767157c5037fc2d14db584cee5dcbdbb34d3f54eb
train,39_jpeg_jpg.rf.714a63e26d26139bf1bc77694738ef7c.jpg,train,train__39_jpeg_jpg.rf.714a63e26d26139bf1bc77694738ef7c.jpg,10,96e9259697476bec1177aaa8d696986f9dcc926500e467b0b27fc959a17e9bf9
train,3_jpeg_jpg.rf.de652abdcfde88513ab43114b9064f70.jpg,train,train__3_jpeg_jpg.rf.de652abdcfde88513ab43114b9064f70.jpg,6,cc52dd30fd5ba89ec6edb793fb73894ab97d5a05fb8c8135a73a89fce1daeed2
train,40_jpeg_jpg.rf.68533ca09063d6fe38a3a344b25af32d.jpg,train,train__40_jpeg_jpg.rf.68533ca09063d6fe38a3a344b25af32d.jpg,6,33483fa2324b12b0f82d828bb86409dfe7a1670c0a6b3ecb29b1f4da1cd41c89
train,41_jpeg_jpg.rf.ead111321d194893db8d305eb45808db.jpg,train,train__41_jpeg_jpg.rf.ead111321d194893db8d305eb45808db.jpg,8,8a48c96888f3ce5f89fa1a313c4030f4a3fa7802c025357212166a7df836a999
train,42_jpeg_jpg.rf.a065ac4d9cd77e6bd595b35f38a09b67.jpg,train,train__42_jpeg_jpg.rf.a065ac4d9cd77e6bd595b35f38a09b67.jpg,5,80fc4c90ae66cdb4700e92b63458860a6791ec188be370a63b089988f098b224
train,43_jpeg_jpg.rf.48dde77098fdaacf53f08cb538f3f798.jpg,train,train__43_jpeg_jpg.rf.48dde77098fdaacf53f08cb538f3f798.jpg,3,02a226e5ae44ac3a239202a9c9bf70598d8f25996fa45fe8f2c064427566fcc4
train,4_jpeg_jpg.rf.34a83af938cf1718c21bd09b92884a8b.jpg,train,train__4_jpeg_jpg.rf.34a83af938cf1718c21bd09b92884a8b.jpg,5,8b2d06132b0c379c4732a7c5390954010374d7c2605a943b673fdd00bf6c6310
train,52_jpeg_jpg.rf.6713f2b9ab52338d6f99ec08f1d7e661.jpg,train,train__52_jpeg_jpg.rf.6713f2b9ab52338d6f99ec08f1d7e661.jpg,5,2c1303b647ddaa8b635f5accda3f93206d6a672f99c01afe3af9b14a9e094709
train,53_jpeg_jpg.rf.a9cf53d6e8670d7069048ae61f50315f.jpg,train,train__53_jpeg_jpg.rf.a9cf53d6e8670d7069048ae61f50315f.jpg,2,6b8b51e1e22d818234efac26441cb92596d87e470bd3f3eb00c0c44d655122eb
train,55_jpeg_jpg.rf.fcefa6b1f11a31333b3cafe5c3d15348.jpg,train,train__55_jpeg_jpg.rf.fcefa6b1f11a31333b3cafe5c3d15348.jpg,1,aba6af26563e1374cf09abe2aea4148c262c82a918dfda50c671840c3139bbc4
train,56_jpeg_jpg.rf.8fa3367f9ee00d4aa066bf9b21545110.jpg,train,train__56_jpeg_jpg.rf.8fa3367f9ee00d4aa066bf9b21545110.jpg,4,55af325cd6308c57bf6fdbdaf4e916afecae8c7ebf803a75cd21d3f266435236
train,58_jpeg_jpg.rf.3a08c3e333da97c17298720733891e5a.jpg,train,train__58_jpeg_jpg.rf.3a08c3e333da97c17298720733891e5a.jpg,1,3297ff583a6e0d00c10a4e00ba335a14b0aeabb5a0b54a7f6ceb00e0abef69f6
train,5_jpeg_jpg.rf.89a1a8f28d5e6fb214e30633ffa3076d.jpg,train,train__5_jpeg_jpg.rf.89a1a8f28d5e6fb214e30633ffa3076d.jpg,2,c90064795c9e2be5179a8c2a6237f3cea3813eec3c05ca16f88feda2db8aa27b
train,61_jpeg_jpg.rf.460631078b0a23620d23ec5444071e36.jpg,train,train__61_jpeg_jpg.rf.460631078b0a23620d23ec5444071e36.jpg,3,9e6f9ee3d927021bcf65af076a5d3b748139679d870e7e31588966cd3f8efaa8
train,62_jpeg_jpg.rf.a7d7b3cddeb6eca1da277a538b86f462.jpg,train,train__62_jpeg_jpg.rf.a7d7b3cddeb6eca1da277a538b86f462.jpg,5,a63254379f32c898155a41a1b5234395e06354ec9ece40e5b3f617cd7d4f4c7c
train,63_jpeg_jpg.rf.d46d1e9e6d8808feecb232b9cf5f7bd5.jpg,train,train__63_jpeg_jpg.rf.d46d1e9e6d8808feecb232b9cf5f7bd5.jpg,6,251a5001a10305d560dd97fe7ae642da1c4ae64aa0d0165ca2550ae15ef78c25
train,64_jpeg_jpg.rf.4e2e2f98471b3b8902d6b2587f7da5df.jpg,train,train__64_jpeg_jpg.rf.4e2e2f98471b3b8902d6b2587f7da5df.jpg,7,73ecb11ce784b71536ffb650391828f395dc1031b6eadbe10db48a0c0a237b0c
train,65_jpeg_jpg.rf.fc55865eaed7c40f8ab43276bdceb59b.jpg,train,train__65_jpeg_jpg.rf.fc55865eaed7c40f8ab43276bdceb59b.jpg,10,3a0d845a68c5743607ce1be4e515c390d52f85521f50b6f9d7c1e0914ffd08d1
train,66_jpeg_jpg.rf.1867939350a47da13bbb77decffe942c.jpg,train,train__66_jpeg_jpg.rf.1867939350a47da13bbb77decffe942c.jpg,9,e8b797b125aae1bfa54c433260e7f132f2efbc494e03ac437c178cfc5eb9f1c5
train,67_jpeg_jpg.rf.af3ed49ef6b064a89925031796201fde.jpg,train,train__67_jpeg_jpg.rf.af3ed49ef6b064a89925031796201fde.jpg,19,7e5998b10789c07c67cd9cd8a8a7a906a39666ed497ece34cf885f8381772b14
train,68_jpeg_jpg.rf.777fd53c38943338895f97cc0945de8a.jpg,train,train__68_jpeg_jpg.rf.777fd53c38943338895f97cc0945de8a.jpg,8,b2c7f1437d46b2cd7099783d600c61d5b43e7bfec5534034c08216100c45d12f
train,69_jpeg_jpg.rf.15d24f370d0f7621b61e2288b7a1bb51.jpg,train,train__69_jpeg_jpg.rf.15d24f370d0f7621b61e2288b7a1bb51.jpg,11,563201eaa8085f2b87b31cec1514c8f31298d42b838a6aa388cf284ee04e2ac6
train,6_jpeg_jpg.rf.c0b38b57d40daefd31393d7353802fa0.jpg,train,train__6_jpeg_jpg.rf.c0b38b57d40daefd31393d7353802fa0.jpg,1,70a6b6f9f6aa43952d60137a3fe8916a93728bb38ba5a60f4584674981aa38dc
train,70_jpeg_jpg.rf.91ca84bdfaa538aaead6980a489ce0b4.jpg,valid,train__70_jpeg_jpg.rf.91ca84bdfaa538aaead6980a489ce0b4.jpg,20,e4c3589e754bdd12b3c383bfc82d1178dd0036c2a47803ad01830ab78fbd8f49
train,71_jpeg_jpg.rf.dd7465b41f39e45eaffc469851a6dcd5.jpg,train,train__71_jpeg_jpg.rf.dd7465b41f39e45eaffc469851a6dcd5.jpg,12,9a370ccadbf63d148f711c5c33b0b5efb774e224f2aaf2b8dbd64c08168e08f9
train,72_jpeg_jpg.rf.3c1fc19d9e81619cd13ea8f0bff19984.jpg,train,train__72_jpeg_jpg.rf.3c1fc19d9e81619cd13ea8f0bff19984.jpg,9,99757a9a884e89587b91d10abd63fe0fbfc3b90c604a6f162dd01ef3a37e4b6a
train,74_jpeg_jpg.rf.485d48347d97b168b7dbc1cbd0b79d4c.jpg,train,train__74_jpeg_jpg.rf.485d48347d97b168b7dbc1cbd0b79d4c.jpg,10,112024b347ca5f001a613e4c4eea7ddfa2739539e4f3ef1fe77282b3c5c40dfc
train,75_jpeg_jpg.rf.59c18d24a1bf8ccdde5bed9184809210.jpg,train,train__75_jpeg_jpg.rf.59c18d24a1bf8ccdde5bed9184809210.jpg,10,30eb4cbc2d33794d718e8d9101b37f8f2aa7927777ccf0c7619fca9f4ad638bd
train,76_jpeg_jpg.rf.b4293d8dfa48d9bebddeb9b825a2d1cb.jpg,train,train__76_jpeg_jpg.rf.b4293d8dfa48d9bebddeb9b825a2d1cb.jpg,7,8c764e38ca742e4f103198ed3c337390927adb499e3aacd63fdd303104786cf4
train,77_jpeg_jpg.rf.e24e8898e5aa8f57006a9930042320db.jpg,train,train__77_jpeg_jpg.rf.e24e8898e5aa8f57006a9930042320db.jpg,3,7fb30f6b2bf3981d83c2dbce428a37e2e2506fdf45a87f66015f525e4bd5b90f
train,78_jpeg_jpg.rf.bfb325c40d14bcdac3d4faa4f508250d.jpg,train,train__78_jpeg_jpg.rf.bfb325c40d14bcdac3d4faa4f508250d.jpg,2,1ec118ff9a23428c1ddabc43362aa7462c34bd6988da46a76d57230a74ffa5a1
train,7_jpeg_jpg.rf.66d5739a586f20130b17c40931fb6e43.jpg,train,train__7_jpeg_jpg.rf.66d5739a586f20130b17c40931fb6e43.jpg,8,ada31072f7601588f1cb8d2e376cd149d7bfd213b5c0df9754238e7e8d91923f
train,80_jpeg_jpg.rf.80986d7757a6d60bc2afb0257426f1ca.jpg,train,train__80_jpeg_jpg.rf.80986d7757a6d60bc2afb0257426f1ca.jpg,12,ec230f3143d8df1fa184483327e0c42051958339533c0ac50ad46ea9531c01c8
train,81_jpeg_jpg.rf.1bc5d7526330634876dc1f74edf84323.jpg,train,train__81_jpeg_jpg.rf.1bc5d7526330634876dc1f74edf84323.jpg,9,45b45dcd4e59151146013082cf3264542835ff98837e5aee8ecda4a415f7dabb
train,82_jpeg_jpg.rf.a8a4d0b1ac1d18a639d3ca1b143bf2a7.jpg,train,train__82_jpeg_jpg.rf.a8a4d0b1ac1d18a639d3ca1b143bf2a7.jpg,23,12622fb1f47505d5b16236b0350480eeaf67d495742caf83438b8ba4a9e76482
train,83_jpeg_jpg.rf.aacb0f6939712f8ce1b35fa33fef399c.jpg,train,train__83_jpeg_jpg.rf.aacb0f6939712f8ce1b35fa33fef399c.jpg,8,3ecafe0ce42f8acc4b437b00d5b80c35e42303a4f2f97415a1b6a48b984e23e5
train,84_jpeg_jpg.rf.238d860d7bc7b4bb11d7024b1063f479.jpg,train,train__84_jpeg_jpg.rf.238d860d7bc7b4bb11d7024b1063f479.jpg,47,314cb5618b1c877f06ff0a8f86d0df7a5c48c1df05bfa3ed383b717a241c4924
train,85_jpeg_jpg.rf.aa9702fe84d513a9d121b54c56d07315.jpg,train,train__85_jpeg_jpg.rf.aa9702fe84d513a9d121b54c56d07315.jpg,11,80a1b133364d8a91b18132ccfe81d57dc896e36b444d5830632e5bdbc4e9ef49
train,87_jpeg_jpg.rf.03fc1239e93a6466541e8dbed7582be5.jpg,train,train__87_jpeg_jpg.rf.03fc1239e93a6466541e8dbed7582be5.jpg,11,13b9a7136f5411012f2c8f2630b7fe159a1afad2afe811e73252e152d959b4e4
train,88_jpeg_jpg.rf.93dcc593b1d19674da9a0bc738138723.jpg,train,train__88_jpeg_jpg.rf.93dcc593b1d19674da9a0bc738138723.jpg,15,ed2cf72f1a2bef9a0543b54a4ce923031c912282ed0253be04d2d9223e6e5d1c
train,89_jpeg_jpg.rf.00f1a8532ff9d81d699c48c0832a034f.jpg,train,train__89_jpeg_jpg.rf.00f1a8532ff9d81d699c48c0832a034f.jpg,17,a0016dc1e8862f47ae2ed0caa81441480ef0d6880c4a7998167e8c65cec2c599
train,8_jpeg_jpg.rf.68e71d23884dc476eb03239ab5221889.jpg,train,train__8_jpeg_jpg.rf.68e71d23884dc476eb03239ab5221889.jpg,1,5b19e278c57f776d2937af26a7a6eb9e05a17b265cbc07c31c24665b364512f2
train,90_jpeg_jpg.rf.87ce9b360178f4316a7087b369824969.jpg,train,train__90_jpeg_jpg.rf.87ce9b360178f4316a7087b369824969.jpg,10,435bf25ed9edde2f8a83af52a019ef28169f1b5ac0db13825f6cd25b791e25a9
train,91_jpeg_jpg.rf.e6bdd073a2b9b5a2d68d38a01871813b.jpg,train,train__91_jpeg_jpg.rf.e6bdd073a2b9b5a2d68d38a01871813b.jpg,9,2ebc7000f3be0324d9c0eca8d4cd3bdf75ad478679476d94dd63262849779c3d
train,92_jpeg_jpg.rf.6a44eabef7d78283fc120b733aa342d5.jpg,train,train__92_jpeg_jpg.rf.6a44eabef7d78283fc120b733aa342d5.jpg,12,ead80031911443592bc0a5ac66559c47b8940f0f3a27878234f1455d5586d2fd
train,97_jpeg_jpg.rf.455f157001fcc6a82febd9d877f958a7.jpg,train,train__97_jpeg_jpg.rf.455f157001fcc6a82febd9d877f958a7.jpg,8,ee165b6224d00b7cee078fb31a6e7d8210847a9bd765301fffe3fd7bf7ef7ec3
train,99_jpeg_jpg.rf.805a612a76c20ecb70ff856eb9f00534.jpg,train,train__99_jpeg_jpg.rf.805a612a76c20ecb70ff856eb9f00534.jpg,12,93cbe1f960a60f1ec72453f1fa602a1157e39f25b0bf8bb71c28ec912c1ebe14
train,9_jpeg_jpg.rf.42b3c1b78229c74171c7eaac6c4a8609.jpg,train,train__9_jpeg_jpg.rf.42b3c1b78229c74171c7eaac6c4a8609.jpg,13,156a5c102f832bc0574b3de07546673c6c7c8bf13bb7edcf611a7d454e75a5f8
train,moved_test_7_7_jpeg_jpg.rf.ab231cec8c32cb91b3eee004103f8fb9.jpg,train,train__moved_test_7_7_jpeg_jpg.rf.ab231cec8c32cb91b3eee004103f8fb9.jpg,12,8c95db89987d6929a138c55b8a7fc86701d595401b95824c11d8716d2be5e53d
valid,356_jpeg_jpg.rf.97e41a988760def0c70b8e7b5a6fbf76.jpg,valid,valid__356_jpeg_jpg.rf.97e41a988760def0c70b8e7b5a6fbf76.jpg,14,3c12d24d6b9111fdcfe88e10c33acafa35182587ff12923b250be8da57e30dcd
valid,360_jpeg_jpg.rf.88473eaad6427b7c98317642d0b6ac86.jpg,valid,valid__360_jpeg_jpg.rf.88473eaad6427b7c98317642d0b6ac86.jpg,3,953a6199f4f6c1163fd5683eaa82a6f4afbe2ea108eb97bdddd318eb8e16e7b4
valid,365_jpeg_jpg.rf.2fea61f52a1e653e6bc2582af9d073b9.jpg,valid,valid__365_jpeg_jpg.rf.2fea61f52a1e653e6bc2582af9d073b9.jpg,17,ca693c06a86d557947033c9aa6dac1ab12e392a74fc4c202a5f06cc3eec68ce1
valid,366_jpeg_jpg.rf.93a298cd1412b149d8ac4c81dcee3fb1.jpg,valid,valid__366_jpeg_jpg.rf.93a298cd1412b149d8ac4c81dcee3fb1.jpg,7,65276c295cd1129e9068b258acca9f3f2632ac56e0849aa52cf7f73486210b1c
valid,370_jpeg_jpg.rf.c90decfa587adf05dde676baba9b547d.jpg,valid,valid__370_jpeg_jpg.rf.c90decfa587adf05dde676baba9b547d.jpg,5,4f50eeb6a0055764526a9f7d908db1ddcd3205ad3418b7ad075251000343ecfb
valid,374_jpeg_jpg.rf.762e170d8354f7eccdc0f3b8afa3dfd8.jpg,valid,valid__374_jpeg_jpg.rf.762e170d8354f7eccdc0f3b8afa3dfd8.jpg,9,221d1e9352021fdb2f52120c7831e8c19699ecb7eb91e29606c6252b906359e1
valid,375_jpeg_jpg.rf.450ea5a3e5dcdaf568d76a736a1088b1.jpg,valid,valid__375_jpeg_jpg.rf.450ea5a3e5dcdaf568d76a736a1088b1.jpg,10,db28bb5db25f4c2ec6de35e209a67c4f23ef2da4cdcb7d65bb456f10dece1cc4
valid,376_jpeg_jpg.rf.b2dd855b3d660e6d733e8db43b47b939.jpg,valid,valid__376_jpeg_jpg.rf.b2dd855b3d660e6d733e8db43b47b939.jpg,12,60a0baeb0f3530f5428434aa11641588cb9154fbc0b17132f03f9f26489c7393
valid,377_jpeg_jpg.rf.e7092b4a312f5868924cb46f44cc244a.jpg,valid,valid__377_jpeg_jpg.rf.e7092b4a312f5868924cb46f44cc244a.jpg,16,91eec97394cb3484ba654291f0fbe110054d1d2f48354903d7368ce2c786f10a
valid,378_jpeg_jpg.rf.5ab05433a89d3c37a1dc3138aea631c3.jpg,valid,valid__378_jpeg_jpg.rf.5ab05433a89d3c37a1dc3138aea631c3.jpg,20,1c5ee56985f4760b3c6ff6015b51aabd84e75e7268c6111f7b771ef67b7e2bfe
valid,379_jpeg_jpg.rf.924551467482f4014943238de547203c.jpg,valid,valid__379_jpeg_jpg.rf.924551467482f4014943238de547203c.jpg,6,3f67f2f5fe268d077e0ebf22a3a83da8e2c0d85cae3abc50f57369d3c6da0f12
valid,381_jpeg_jpg.rf.db83e0dac69454d16cec62c4d86ef672.jpg,valid,valid__381_jpeg_jpg.rf.db83e0dac69454d16cec62c4d86ef672.jpg,9,b68628aa75a8406b79b642f74a0751a3f0eb0af839d1cef1e2c407f06dc02ea8
valid,382_jpeg_jpg.rf.47103378f4b2e90674c0442766886a1c.jpg,valid,valid__382_jpeg_jpg.rf.47103378f4b2e90674c0442766886a1c.jpg,4,2cd3ccbf0aeafa9d93ba3444f0f4f286a4c3036476dd10824b307a5aa8b2f40c
valid,383_jpeg_jpg.rf.1ba6a9238e2fb368b24bb9f12bbbb271.jpg,valid,valid__383_jpeg_jpg.rf.1ba6a9238e2fb368b24bb9f12bbbb271.jpg,2,d7f4ce9e6cf66c3b2d03f3bcd1d1e5506e3182cdbec2d36c4cda378e0a392bc4
valid,384_jpeg_jpg.rf.4340a8178513e2c820968a962abebb99.jpg,valid,valid__384_jpeg_jpg.rf.4340a8178513e2c820968a962abebb99.jpg,4,1416efe5402abcd89ed8ea6814233c9e9cc094172af1f8e4235bc05b9ae941e7
valid,385_jpeg_jpg.rf.4520692d45b2d524e93f0c64e943b3cf.jpg,valid,valid__385_jpeg_jpg.rf.4520692d45b2d524e93f0c64e943b3cf.jpg,3,bdcc02be3cf743e348d630ea81dd65284e9f377a0c30b5b3063dcbe11bb3e738
valid,386_jpeg_jpg.rf.145b55dfef0fbd294bd8e40bb00b0d10.jpg,valid,valid__386_jpeg_jpg.rf.145b55dfef0fbd294bd8e40bb00b0d10.jpg,14,27d72f73021cae4e74fd97d2093acf3ff3be17510f6815f5ee8ae478dffff1bd
valid,387_jpeg_jpg.rf.30e64fc1c360932d4ac7f08e943928be.jpg,valid,valid__387_jpeg_jpg.rf.30e64fc1c360932d4ac7f08e943928be.jpg,8,320191444f629271431ae8a20cf400583b7601faf5c0906c81a242d9366d62a9
valid,388_jpeg_jpg.rf.4eca14768b4dad203269774feec445f5.jpg,valid,valid__388_jpeg_jpg.rf.4eca14768b4dad203269774feec445f5.jpg,20,79368d9e246fe218226556a763435f81b57567fed2b04a402de3325d60d54f45
valid,390_jpeg_jpg.rf.4821402263a12860951d71b4f212cf83.jpg,valid,valid__390_jpeg_jpg.rf.4821402263a12860951d71b4f212cf83.jpg,9,579b51e329f6d6de84a122c1757e5a735d51984a28a8fea8d4fa5a9ffdbf21ad
valid,391_jpeg_jpg.rf.17672f9ae9ad7466618e4238bc8ab923.jpg,valid,valid__391_jpeg_jpg.rf.17672f9ae9ad7466618e4238bc8ab923.jpg,4,34a94dd340a65d767a62b7bf392d3cc0fd84b9af76a6bc3e6ea4dd1d670f0bd5
valid,392_jpeg_jpg.rf.76120346e033c954b732981c4adacc3c.jpg,valid,valid__392_jpeg_jpg.rf.76120346e033c954b732981c4adacc3c.jpg,10,c91b62cf366b9e19fc45961d59c6ed5bc77e4d9c8dc063aa7d271b76209f3dc5
valid,394_jpeg_jpg.rf.4d8309b9781323aeb642e775aa599ba7.jpg,valid,valid__394_jpeg_jpg.rf.4d8309b9781323aeb642e775aa599ba7.jpg,7,96ddf4678285c4a8532c44771dbda39a682ccf202a5fb9c0a78b382659022350
valid,395_jpeg_jpg.rf.c88c23ce7749f328b301d8fa50fd4da7.jpg,valid,valid__395_jpeg_jpg.rf.c88c23ce7749f328b301d8fa50fd4da7.jpg,3,1920059a88d7cfa26dd6c9c9711cf12c2fda304716cd2b998e55887c54f25bd6
valid,44_jpeg_jpg.rf.3aaf0e2727a85564807ee5a7130d65dd.jpg,valid,valid__44_jpeg_jpg.rf.3aaf0e2727a85564807ee5a7130d65dd.jpg,2,1cf3545921bd5a2414739509ed7b8b2ed470564d5333c6379499c8f329f16091
valid,45_jpeg_jpg.rf.f5b5ea7365d201fb0e79cc8f468a44e4.jpg,valid,valid__45_jpeg_jpg.rf.f5b5ea7365d201fb0e79cc8f468a44e4.jpg,3,0055f889ab986292cce0888ca1f851a7cef087ed3bcd1a1b9d62ee2f2b0e0f9e
valid,46_jpeg_jpg.rf.f66c11a4c9fe3fdbe5296ae1d1c596d5.jpg,valid,valid__46_jpeg_jpg.rf.f66c11a4c9fe3fdbe5296ae1d1c596d5.jpg,2,90cfb7a77b2406222cce80e6f9305022b5e8bb28ad4f070b2306174c6fdb8c51
valid,47_jpeg_jpg.rf.1fda69affa39726b0307068c2cf680e2.jpg,valid,valid__47_jpeg_jpg.rf.1fda69affa39726b0307068c2cf680e2.jpg,2,31dee1b1f1fc457c05a95098839f6c9b5ff3ed9865239317f26da1b584b26fb9
valid,48_jpeg_jpg.rf.b9f2345b0268266ecabd079466f1d33d.jpg,valid,valid__48_jpeg_jpg.rf.b9f2345b0268266ecabd079466f1d33d.jpg,5,e49ae4b215898b6922d73d732cddcf331453216d3397ea2f0b729f48d12182f2
valid,49_jpeg_jpg.rf.88dcbe5fc3c7cb6a7da2a333ddc03e41.jpg,valid,valid__49_jpeg_jpg.rf.88dcbe5fc3c7cb6a7da2a333ddc03e41.jpg,1,37288ce7cb92a4ac3014300e1cdb3e5504494f989d7cec4ed3ce835ecf8d0c03
valid,50_jpeg_jpg.rf.9533eb0d55ef2a9416990d6cbe7adde5.jpg,valid,valid__50_jpeg_jpg.rf.9533eb0d55ef2a9416990d6cbe7adde5.jpg,2,96c0fad0d41ce5b2fc98269f78525d6ba20a8de5a50d2e8d00aff4fa69afc3c0
valid,51_jpeg_jpg.rf.e98e8d2f923efc4d573351bbb9f36d90.jpg,valid,valid__51_jpeg_jpg.rf.e98e8d2f923efc4d573351bbb9f36d90.jpg,7,16ddff8aae5e7ac9ce9a149fab3c471ec00695afc51bf6e434526473bb452313
valid,54_jpeg_jpg.rf.1c28b0818b70eee2cefe1c4e3879dd03.jpg,valid,valid__54_jpeg_jpg.rf.1c28b0818b70eee2cefe1c4e3879dd03.jpg,5,2941a61bbce71761bb7d48fda5efc09557ab451d1b29d1e6091eef5bbd2b4c70
valid,57_jpeg_jpg.rf.601dcda2c366481341389c85c9f2916e.jpg,valid,valid__57_jpeg_jpg.rf.601dcda2c366481341389c85c9f2916e.jpg,4,2a8b245c34f623b9afee46cdd8776eb2efb54f5dd7a6754603c2133ba174f2cd
valid,59_jpeg_jpg.rf.26cc832e19e4f278dad65fc6ce34cf3c.jpg,valid,valid__59_jpeg_jpg.rf.26cc832e19e4f278dad65fc6ce34cf3c.jpg,5,2fc55979dadd67c5dc7737c48bdc9dc71bbe19aa2e02e5b1288a833ec53b7269
valid,60_jpeg_jpg.rf.cad4684b13383c668eb7079aa05fa271.jpg,valid,valid__60_jpeg_jpg.rf.cad4684b13383c668eb7079aa05fa271.jpg,2,094d870eb632e10a6fd3b6da30e5555bd6c8ba6347b0990325bc88ac958d85d6
valid,73_jpeg_jpg.rf.94958698cbb591c0275d0ddbfd44ebb4.jpg,valid,valid__73_jpeg_jpg.rf.94958698cbb591c0275d0ddbfd44ebb4.jpg,14,7ab5b63f33dc5cab269cb3275267c22d5a658eadfebba567c6e25df120c5cd73
valid,79_jpeg_jpg.rf.b8f3ad175e2cc56397b695b53b17df5f.jpg,valid,valid__79_jpeg_jpg.rf.b8f3ad175e2cc56397b695b53b17df5f.jpg,15,73e6da1c0ce021f9b884c44391bd81e09ce9cbbfb5b2d9dec99526f8fc7cbd79
valid,86_jpeg_jpg.rf.55c01353234747a63aa7f5fa5f5f2298.jpg,valid,valid__86_jpeg_jpg.rf.55c01353234747a63aa7f5fa5f5f2298.jpg,11,6409e9ab4754af8d61f57068675dc375def119a11c1cefada212276cf3f08132
valid,93_jpeg_jpg.rf.fe6aa0eea9edc2ddf1b1e7e862590915.jpg,valid,valid__93_jpeg_jpg.rf.fe6aa0eea9edc2ddf1b1e7e862590915.jpg,3,bed6b69972d38ee1c1a625ff6711b842d6b3691ca7c26d2c8eea9897351ec12c
valid,94_jpeg_jpg.rf.df37ffdb6585a76735a071055f3b7280.jpg,valid,valid__94_jpeg_jpg.rf.df37ffdb6585a76735a071055f3b7280.jpg,7,69f20349433eea9003f1ef3c9bf34d65be2fb7b2909c03dd25b8c10416683cd0
valid,95_jpeg_jpg.rf.34e600b85ee451a0b18ea2b196e7b153.jpg,valid,valid__95_jpeg_jpg.rf.34e600b85ee451a0b18ea2b196e7b153.jpg,3,3b29e7777c4ff7334c13b5279495ab1d851fd1facabe19449845e6444dab4036
valid,96_jpeg_jpg.rf.69232c70fe32b7b9753f12b94a476197.jpg,valid,valid__96_jpeg_jpg.rf.69232c70fe32b7b9753f12b94a476197.jpg,3,4f81669512cfd2f5d0393dd1c3c1408f045b6752c8248aee6d4822d97bc110c7
valid,98_jpeg_jpg.rf.89ea2ab91395c32b8b1e644bbb2f1188.jpg,valid,valid__98_jpeg_jpg.rf.89ea2ab91395c32b8b1e644bbb2f1188.jpg,3,bcf5c326f72e9a042af4e3f1ddd5aabc881aaf50a9b091bf156df9725f23e9b1
test,0_jpeg_jpg.rf.46fd2e4854a0884757c56379f6334ddf.jpg,valid,test__0_jpeg_jpg.rf.46fd2e4854a0884757c56379f6334ddf.jpg,11,6af809e4ac4a56fed85edfc758be0e9ba8c8b0441b71e6f2c2a0f95a40f3e049
test,10_jpeg_jpg.rf.fe2b629d6ee81f33d4e62a45e93a0afa.jpg,valid,test__10_jpeg_jpg.rf.fe2b629d6ee81f33d4e62a45e93a0afa.jpg,4,7c1f44bc0c5573db7d0762642d8cde0eabc485fe32b98afd7793aa88416c17c3
test,11_jpeg_jpg.rf.68176153cc38d50bf5b40f58759156a9.jpg,valid,test__11_jpeg_jpg.rf.68176153cc38d50bf5b40f58759156a9.jpg,9,de051d29d6da6896166060d166759248bf891babc5f6de78fcd8bf2ed97bc6d9
test,12_jpeg_jpg.rf.e2fa6f7be06f24622fe094cafb4c1880.jpg,valid,test__12_jpeg_jpg.rf.e2fa6f7be06f24622fe094cafb4c1880.jpg,4,cd94ecbe978e8f1a810ff5ec1b6112cb837e67afa7a416665ec3af8ac331c015
test,13_jpeg_jpg.rf.994b1d162d2a9a9788fbedd5a84a5cf7.jpg,valid,test__13_jpeg_jpg.rf.994b1d162d2a9a9788fbedd5a84a5cf7.jpg,11,5e674b631ac5453ca6462044730c74e11730cf372c641bf085884a7058466b31
test,14_jpeg_jpg.rf.7ac4ab13e996bfbada06e9cc91a7b44c.jpg,valid,test__14_jpeg_jpg.rf.7ac4ab13e996bfbada06e9cc91a7b44c.jpg,6,6676ac7df04b1e100c8ddb6450702597c4035f21cfe0079a130c265483fada45
test,15_jpeg_jpg.rf.a779b6b89dcc5bf8e321594072a7c407.jpg,valid,test__15_jpeg_jpg.rf.a779b6b89dcc5bf8e321594072a7c407.jpg,16,b2ab6dd2dd1fda9e69b2d33d8d45bcaf49f1f922be73653ac5d58fbb3639f7ee
test,16_jpeg_jpg.rf.f4a55203e903fb2ed23c0045a1fadc0a.jpg,valid,test__16_jpeg_jpg.rf.f4a55203e903fb2ed23c0045a1fadc0a.jpg,4,932e243eb47807410cbf66e5f772660e3b0a00faeedeb7e899cabe9080961a44
test,17_jpeg_jpg.rf.03fe427446ad8651eceec64c4ea6ab90.jpg,valid,test__17_jpeg_jpg.rf.03fe427446ad8651eceec64c4ea6ab90.jpg,31,446a6686c6f2f7ac5919e56284557a8912d939931a5648e34ca95f53c026d8f6
test,18_jpeg_jpg.rf.0faab53a0bf1bfe5fd8f38b953d5cbd2.jpg,valid,test__18_jpeg_jpg.rf.0faab53a0bf1bfe5fd8f38b953d5cbd2.jpg,2,8dd065bf21e4b936c9d298de8477541b9434c4ef3e109c87a52a2db2a9f29668
test,19_jpeg_jpg.rf.268859d377d1b69437e6b3e4f7797ad5.jpg,valid,test__19_jpeg_jpg.rf.268859d377d1b69437e6b3e4f7797ad5.jpg,5,a95e57575daa547e80ce29962b72f4d0bff88b77752826783da9507b58ceb158
test,1_jpeg_jpg.rf.18788e531311f0398db2e5dfc01396fb.jpg,valid,test__1_jpeg_jpg.rf.18788e531311f0398db2e5dfc01396fb.jpg,2,637e0f4981f1b49f9ad065e97d23bc2033fe1bcaccc52d042dc1bfd75d794697
test,20_jpeg_jpg.rf.87d126cbe4454c31659ce2de8fd6ba6e.jpg,valid,test__20_jpeg_jpg.rf.87d126cbe4454c31659ce2de8fd6ba6e.jpg,1,b4245dd854beebdf537ef25fa4780005d8d297e8bb8d75ac2ee7689bdd6c5cde
test,21_jpeg_jpg.rf.7b8e6849f8abccb5f8faac8d4fcdb016.jpg,valid,test__21_jpeg_jpg.rf.7b8e6849f8abccb5f8faac8d4fcdb016.jpg,1,90c615578e9f6489ee692dd18698de5b16a09de165b9c28e2b29607ae9174cb5
test,22_jpeg_jpg.rf.d0a282a8a1d6aa1ff2ed324b0a5631c6.jpg,valid,test__22_jpeg_jpg.rf.d0a282a8a1d6aa1ff2ed324b0a5631c6.jpg,8,e2736f896fa9c2b7ae1c9231cf92681848d9e2c6d7faa5988df903926901485a
test,23_jpeg_jpg.rf.66b1fc50cc3af73eeb1dbf335957a374.jpg,valid,test__23_jpeg_jpg.rf.66b1fc50cc3af73eeb1dbf335957a374.jpg,21,3a6c6af3fcb94c66165a114230ca9538466c13c6c9d84987252dbb94faf3d637
test,24_jpeg_jpg.rf.951efa3138e64d8da8d1e91ae69640d1.jpg,valid,test__24_jpeg_jpg.rf.951efa3138e64d8da8d1e91ae69640d1.jpg,6,085819019e983aaa038e8a3e1bb636faec8140048deaa24d71d294a84bb08061
test,25_jpeg_jpg.rf.1626a0c937bd69f43e0d457691d22fe4.jpg,valid,test__25_jpeg_jpg.rf.1626a0c937bd69f43e0d457691d22fe4.jpg,5,42485e5958cf55162a8b187b99089c892616889a4a130b29f9b31f1e80aa7ab4
test,26_jpeg_jpg.rf.5b1e256bf395c0301ee3c510dd0b5102.jpg,valid,test__26_jpeg_jpg.rf.5b1e256bf395c0301ee3c510dd0b5102.jpg,13,ebc4b92f6803b071bae69938085f8586dcf80473b5d7822d9c45042bbad147c6
test,27_jpeg_jpg.rf.28df0be876e83ebb735f9edd715e32d9.jpg,valid,test__27_jpeg_jpg.rf.28df0be876e83ebb735f9edd715e32d9.jpg,8,7e64ab15540a45b0747af8f53d35d858760597bea5a1e892c66bce80d03d6f3b
test,28_jpeg_jpg.rf.1174b2e37cc9d274e23b5e90d211c5eb.jpg,valid,test__28_jpeg_jpg.rf.1174b2e37cc9d274e23b5e90d211c5eb.jpg,11,d0c41a6b720dd11a0a3a6a942faf07111efbc937efb89fe494848d808b152ccc
test,29_jpeg_jpg.rf.91bcd128c9bec414aee295a48101a431.jpg,valid,test__29_jpeg_jpg.rf.91bcd128c9bec414aee295a48101a431.jpg,5,12907ea293a2ab5c7e1f595f6fc3bd2433189e2aa149580587c6c90b8f2aed97
test,2_jpeg_jpg.rf.e56dd55f1e871244536d27daf6df2e9f.jpg,valid,test__2_jpeg_jpg.rf.e56dd55f1e871244536d27daf6df2e9f.jpg,11,bf44c5af9540284fd8a747ce42b4b13d41644cdeeab806847f011d02dba30192
test,30_jpeg_jpg.rf.3840ae5fb6d9b610ad9db8fd752ae358.jpg,valid,test__30_jpeg_jpg.rf.3840ae5fb6d9b610ad9db8fd752ae358.jpg,3,7918cad34fb4e18f709c5c61c6be48a0c318567c9947f59a64efee210557c003
test,31_jpeg_jpg.rf.48dc3fa2f18a03964b65ed6686e78c4b.jpg,valid,test__31_jpeg_jpg.rf.48dc3fa2f18a03964b65ed6686e78c4b.jpg,4,bede7c291f3a4c9c810175eac37af9f998354e47183d1c43e0fbbb2d1e734e76
test,32_jpeg_jpg.rf.d03c0aee88776e9653db232dfc3e2f6a.jpg,valid,test__32_jpeg_jpg.rf.d03c0aee88776e9653db232dfc3e2f6a.jpg,14,5da84cfc1213e70a87f6861cb0a610abd5c073d33752150a6e16e4e1567592a7
test,33_jpeg_jpg.rf.406d653868bd29f2bcd9fb8b28dafc2c.jpg,valid,test__33_jpeg_jpg.rf.406d653868bd29f2bcd9fb8b28dafc2c.jpg,16,fc15dcd90bfc0ca38ebe1c0d195988210f5ca92216080949c46705c28b1fc0a4
test,34_jpeg_jpg.rf.e3cbf1b2fa546982ecda908b7ec00b5c.jpg,valid,test__34_jpeg_jpg.rf.e3cbf1b2fa546982ecda908b7ec00b5c.jpg,8,a6f874cd946d3812691a1366eb3e602edc123aa5458c753933568ef067bd7fae
test,35_jpeg_jpg.rf.7d762a8989d719c70005d79da7e760c8.jpg,valid,test__35_jpeg_jpg.rf.7d762a8989d719c70005d79da7e760c8.jpg,3,355fd5e8555a83e2db20f4603a9dacee5754102a594c217721b15ee6f659aef9
test,36_jpeg_jpg.rf.bee7fb268925652b1134615f8574c95e.jpg,valid,test__36_jpeg_jpg.rf.bee7fb268925652b1134615f8574c95e.jpg,5,12d16f67f2333eea2bbad026c61163a17616ada2f96dc62af651ab9b08ef0e34
test,37_jpeg_jpg.rf.6e175546189fd311bd40a5f734754d15.jpg,valid,test__37_jpeg_jpg.rf.6e175546189fd311bd40a5f734754d15.jpg,15,fb8fe92f9296be5e1ae0a0a91c84b802e24c02a548741fdc91bed51538e699e9
test,38_jpeg_jpg.rf.e00e32968c079cc132874e622f7810f7.jpg,valid,test__38_jpeg_jpg.rf.e00e32968c079cc132874e622f7810f7.jpg,12,4e25a18fd53ab21caae75f3af1cc6eecff61cdfd2d2472387f48f70856586c44
test,39_jpeg_jpg.rf.b8b6416cc391ef1b6921684d98c14df7.jpg,valid,test__39_jpeg_jpg.rf.b8b6416cc391ef1b6921684d98c14df7.jpg,6,94b5313247c523ca9e09be0a71c225468b79c09856034795746bd0f1fc62f5b3
test,3_jpeg_jpg.rf.ef933b2bbccd55cd88ccc7043331a26f.jpg,valid,test__3_jpeg_jpg.rf.ef933b2bbccd55cd88ccc7043331a26f.jpg,9,3965d3137a49bf993bdf34ba862c1b2275c1f5a067da9a8f41ca0af913448497
test,40_jpeg_jpg.rf.6fed4034e773f1fe277baf607da8c862.jpg,valid,test__40_jpeg_jpg.rf.6fed4034e773f1fe277baf607da8c862.jpg,4,eb24d6c5e514e515767597deea4589b47aebacb349d8fcbe604892cd3ec40bcf
test,41_jpeg_jpg.rf.363272f3b04366ad7b4c19fb585b5ea0.jpg,valid,test__41_jpeg_jpg.rf.363272f3b04366ad7b4c19fb585b5ea0.jpg,8,226ed7596c96211b4342fcc88f7d95ec854d23b92409ff495f6458a9728e7892
test,42_jpeg_jpg.rf.5625276aa5c751dc602409e5fc2670f1.jpg,valid,test__42_jpeg_jpg.rf.5625276aa5c751dc602409e5fc2670f1.jpg,8,f3b65f2eadca0fd155dca038791d76286dc02a46d112198a02318612c20de562
test,43_jpeg_jpg.rf.6ef8969733c896b1eee36c56a32d2d29.jpg,valid,test__43_jpeg_jpg.rf.6ef8969733c896b1eee36c56a32d2d29.jpg,12,0e5359873cc93a7d250e4c95c978e8c374c7265fde3cc24ff8f068209a89caa2
test,4_jpeg_jpg.rf.beaf2856156e4c062e5548d9820d2a14.jpg,valid,test__4_jpeg_jpg.rf.beaf2856156e4c062e5548d9820d2a14.jpg,6,5490852fa5887dea7cff93206866c0d19051d6acbd5dae2d7f408a8a8a98481c
test,5_jpeg_jpg.rf.d938c2726008bc1eea8200322ecfa325.jpg,valid,test__5_jpeg_jpg.rf.d938c2726008bc1eea8200322ecfa325.jpg,13,b7f75535f97caa286dfd10985b1cc271d50113262ccfa1313d7fe157821363a6
test,6_jpeg_jpg.rf.2206f5387c4bf82b5310ace361778b2f.jpg,valid,test__6_jpeg_jpg.rf.2206f5387c4bf82b5310ace361778b2f.jpg,3,ee98e73e76ebcdf39b7150beb0a1f04428924e1b774abff7672f1fdbc849097b
test,8_jpeg_jpg.rf.f10ed79e7e7fea91c27805fc21e4ce8a.jpg,valid,test__8_jpeg_jpg.rf.f10ed79e7e7fea91c27805fc21e4ce8a.jpg,11,34694ed19b05570fc949f0ce9124ef9b24314cbed4529fd336564d9022558d2d
test,9_jpeg_jpg.rf.f277ca44f8018b3d61a18c679ebf909a.jpg,valid,test__9_jpeg_jpg.rf.f277ca44f8018b3d61a18c679ebf909a.jpg,17,8ee366c387399bf727fed8c0f9aae0b25ff134a6668c0b39dc587c15d69c360c
